# Blender 3.4.0
# www.blender.org
mtllib broom.mtl
o broom
v 0.973738 -2.382101 0.120799
v 0.973738 -2.318799 0.102956
v 0.994224 -2.378372 0.127257
v 0.983812 -2.316966 0.106131
v 1.005125 -2.368932 0.143608
v 0.989173 -2.312323 0.114172
v 1.001339 -2.358197 0.162201
v 0.987311 -2.307044 0.123316
v 0.984638 -2.351191 0.174338
v 0.979098 -2.303598 0.129284
v 0.962837 -2.351191 0.174338
v 0.968377 -2.303598 0.129284
v 0.946136 -2.358197 0.162201
v 0.960164 -2.307044 0.123316
v 0.942350 -2.368932 0.143608
v 0.958302 -2.312323 0.114172
v 0.953251 -2.378372 0.127257
v 0.963663 -2.316966 0.106131
v 0.973738 -2.436247 0.145115
v 0.998091 -2.431815 0.152791
v 1.011049 -2.420593 0.172228
v 1.006548 -2.407832 0.194331
v 0.986696 -2.399503 0.208758
v 0.960779 -2.399503 0.208758
v 0.940927 -2.407832 0.194331
v 0.936426 -2.420593 0.172228
v 0.949384 -2.431815 0.152791
v 0.973738 -2.431309 0.035568
v 0.973738 -2.368007 0.017725
v 0.994224 -2.427580 0.042025
v 0.983812 -2.366174 0.020900
v 1.005125 -2.418140 0.058376
v 0.989173 -2.361531 0.028941
v 1.001339 -2.407405 0.076970
v 0.987311 -2.356252 0.038085
v 0.984638 -2.400399 0.089106
v 0.979098 -2.352806 0.044053
v 0.962837 -2.400399 0.089106
v 0.968377 -2.352806 0.044053
v 0.946136 -2.407405 0.076970
v 0.960164 -2.356252 0.038085
v 0.942350 -2.418140 0.058376
v 0.958302 -2.361531 0.028941
v 0.953251 -2.427580 0.042025
v 0.963663 -2.366174 0.020900
v 0.973738 -2.485455 0.059883
v 0.998091 -2.481024 0.067560
v 1.011049 -2.469801 0.086997
v 1.006548 -2.457040 0.109100
v 0.986696 -2.448711 0.123526
v 0.960779 -2.448711 0.123526
v 0.940927 -2.457040 0.109100
v 0.936426 -2.469801 0.086997
v 0.949384 -2.481024 0.067560
v 0.973738 -2.477588 -0.044590
v 0.973738 -2.414286 -0.062433
v 0.994224 -2.473860 -0.038133
v 0.983812 -2.412452 -0.059258
v 1.005125 -2.464420 -0.021782
v 0.989173 -2.407810 -0.051217
v 1.001339 -2.453685 -0.003188
v 0.987311 -2.402531 -0.042073
v 0.984638 -2.446677 0.008948
v 0.979098 -2.399086 -0.036105
v 0.962837 -2.446677 0.008948
v 0.968377 -2.399086 -0.036105
v 0.946136 -2.453685 -0.003188
v 0.960164 -2.402531 -0.042073
v 0.942350 -2.464420 -0.021782
v 0.958302 -2.407810 -0.051217
v 0.953251 -2.473860 -0.038133
v 0.963663 -2.412452 -0.059258
v 0.973738 -2.531735 -0.020275
v 0.998091 -2.527302 -0.012598
v 1.011049 -2.516081 0.006839
v 1.006548 -2.503319 0.028942
v 0.986696 -2.494990 0.043368
v 0.960779 -2.494990 0.043368
v 0.940927 -2.503319 0.028942
v 0.936426 -2.516081 0.006839
v 0.949384 -2.527302 -0.012598
v 0.973738 -2.526797 -0.129821
v 0.973738 -2.463495 -0.147665
v 0.994224 -2.523068 -0.123364
v 0.983812 -2.461661 -0.144489
v 1.005125 -2.513628 -0.107013
v 0.989173 -2.457018 -0.136448
v 1.001339 -2.502893 -0.088419
v 0.987311 -2.451739 -0.127305
v 0.984638 -2.495886 -0.076283
v 0.979098 -2.448294 -0.121336
v 0.962837 -2.495886 -0.076283
v 0.968377 -2.448294 -0.121336
v 0.946136 -2.502893 -0.088419
v 0.960164 -2.451739 -0.127305
v 0.942350 -2.513628 -0.107013
v 0.958302 -2.457018 -0.136448
v 0.953251 -2.523068 -0.123364
v 0.963663 -2.461661 -0.144489
v 0.973738 -2.580943 -0.105506
v 0.998091 -2.576511 -0.097830
v 1.011049 -2.565289 -0.078393
v 1.006548 -2.552528 -0.056290
v 0.986696 -2.544199 -0.041863
v 0.960779 -2.544199 -0.041863
v 0.940927 -2.552528 -0.056290
v 0.936426 -2.565289 -0.078393
v 0.949384 -2.576511 -0.097830
v 0.876728 -2.382101 0.120799
v 0.876728 -2.318799 0.102956
v 0.897215 -2.378372 0.127257
v 0.886803 -2.316966 0.106131
v 0.908116 -2.368932 0.143608
v 0.892163 -2.312323 0.114172
v 0.904330 -2.358197 0.162201
v 0.890302 -2.307044 0.123316
v 0.887629 -2.351191 0.174338
v 0.882089 -2.303598 0.129284
v 0.865828 -2.351191 0.174338
v 0.871368 -2.303598 0.129284
v 0.849127 -2.358197 0.162201
v 0.863155 -2.307044 0.123316
v 0.845341 -2.368932 0.143608
v 0.861293 -2.312323 0.114172
v 0.856242 -2.378372 0.127257
v 0.866654 -2.316966 0.106131
v 0.876728 -2.436247 0.145115
v 0.901082 -2.431815 0.152791
v 0.914040 -2.420593 0.172228
v 0.909539 -2.407832 0.194331
v 0.889686 -2.399503 0.208758
v 0.863770 -2.399503 0.208758
v 0.843917 -2.407832 0.194331
v 0.839417 -2.420593 0.172228
v 0.852375 -2.431815 0.152791
v 0.876728 -2.431309 0.035568
v 0.876728 -2.368007 0.017725
v 0.897215 -2.427580 0.042025
v 0.886803 -2.366174 0.020900
v 0.908116 -2.418140 0.058376
v 0.892163 -2.361531 0.028941
v 0.904330 -2.407405 0.076970
v 0.890302 -2.356252 0.038085
v 0.887629 -2.400399 0.089106
v 0.882089 -2.352806 0.044053
v 0.865828 -2.400399 0.089106
v 0.871368 -2.352806 0.044053
v 0.849127 -2.407405 0.076970
v 0.863155 -2.356252 0.038085
v 0.845341 -2.418140 0.058376
v 0.861293 -2.361531 0.028941
v 0.856242 -2.427580 0.042025
v 0.866654 -2.366174 0.020900
v 0.876728 -2.485455 0.059883
v 0.901082 -2.481024 0.067560
v 0.914040 -2.469801 0.086997
v 0.909539 -2.457040 0.109100
v 0.889686 -2.448711 0.123526
v 0.863770 -2.448711 0.123526
v 0.843917 -2.457040 0.109100
v 0.839417 -2.469801 0.086997
v 0.852375 -2.481024 0.067560
v 0.876728 -2.477588 -0.044590
v 0.876728 -2.414286 -0.062433
v 0.897215 -2.473860 -0.038133
v 0.886803 -2.412452 -0.059258
v 0.908116 -2.464420 -0.021782
v 0.892163 -2.407810 -0.051217
v 0.904330 -2.453685 -0.003188
v 0.890302 -2.402531 -0.042073
v 0.887629 -2.446677 0.008948
v 0.882089 -2.399086 -0.036105
v 0.865828 -2.446677 0.008948
v 0.871368 -2.399086 -0.036105
v 0.849127 -2.453685 -0.003188
v 0.863155 -2.402531 -0.042073
v 0.845341 -2.464420 -0.021782
v 0.861293 -2.407810 -0.051217
v 0.856242 -2.473860 -0.038133
v 0.866654 -2.412452 -0.059258
v 0.876728 -2.531735 -0.020275
v 0.901082 -2.527302 -0.012598
v 0.914040 -2.516081 0.006839
v 0.909539 -2.503319 0.028942
v 0.889686 -2.494990 0.043368
v 0.863770 -2.494990 0.043368
v 0.843917 -2.503319 0.028942
v 0.839417 -2.516081 0.006839
v 0.852375 -2.527302 -0.012598
v 0.876728 -2.526797 -0.129821
v 0.876728 -2.463495 -0.147665
v 0.897215 -2.523068 -0.123364
v 0.886803 -2.461661 -0.144489
v 0.908116 -2.513628 -0.107013
v 0.892163 -2.457018 -0.136448
v 0.904330 -2.502893 -0.088419
v 0.890302 -2.451739 -0.127305
v 0.887629 -2.495886 -0.076283
v 0.882089 -2.448294 -0.121336
v 0.865828 -2.495886 -0.076283
v 0.871368 -2.448294 -0.121336
v 0.849127 -2.502893 -0.088419
v 0.863155 -2.451739 -0.127305
v 0.845341 -2.513628 -0.107013
v 0.861293 -2.457018 -0.136448
v 0.856242 -2.523068 -0.123364
v 0.866654 -2.461661 -0.144489
v 0.876728 -2.580943 -0.105506
v 0.901082 -2.576511 -0.097830
v 0.914040 -2.565289 -0.078393
v 0.909539 -2.552528 -0.056290
v 0.889686 -2.544199 -0.041863
v 0.863770 -2.544199 -0.041863
v 0.843917 -2.552528 -0.056290
v 0.839417 -2.565289 -0.078393
v 0.852375 -2.576511 -0.097830
v 0.779719 -2.382101 0.120799
v 0.779719 -2.318799 0.102956
v 0.800206 -2.378372 0.127257
v 0.789794 -2.316966 0.106131
v 0.811107 -2.368932 0.143608
v 0.795154 -2.312323 0.114172
v 0.807321 -2.358197 0.162201
v 0.793293 -2.307044 0.123316
v 0.790620 -2.351191 0.174338
v 0.785080 -2.303598 0.129284
v 0.768819 -2.351191 0.174338
v 0.774359 -2.303598 0.129284
v 0.752118 -2.358197 0.162201
v 0.766146 -2.307044 0.123316
v 0.748332 -2.368932 0.143608
v 0.764284 -2.312323 0.114172
v 0.759233 -2.378372 0.127257
v 0.769645 -2.316966 0.106131
v 0.779719 -2.436247 0.145115
v 0.804072 -2.431815 0.152791
v 0.817030 -2.420593 0.172228
v 0.812530 -2.407832 0.194331
v 0.792677 -2.399503 0.208758
v 0.766761 -2.399503 0.208758
v 0.746908 -2.407832 0.194331
v 0.742408 -2.420593 0.172228
v 0.755366 -2.431815 0.152791
v 0.779719 -2.431309 0.035568
v 0.779719 -2.368007 0.017725
v 0.800206 -2.427580 0.042025
v 0.789794 -2.366174 0.020900
v 0.811107 -2.418140 0.058376
v 0.795154 -2.361531 0.028941
v 0.807321 -2.407405 0.076970
v 0.793293 -2.356252 0.038085
v 0.790620 -2.400399 0.089106
v 0.785080 -2.352806 0.044053
v 0.768819 -2.400399 0.089106
v 0.774359 -2.352806 0.044053
v 0.752118 -2.407405 0.076970
v 0.766146 -2.356252 0.038085
v 0.748332 -2.418140 0.058376
v 0.764284 -2.361531 0.028941
v 0.759233 -2.427580 0.042025
v 0.769645 -2.366174 0.020900
v 0.779719 -2.485455 0.059883
v 0.804072 -2.481024 0.067560
v 0.817030 -2.469801 0.086997
v 0.812530 -2.457040 0.109100
v 0.792677 -2.448711 0.123526
v 0.766761 -2.448711 0.123526
v 0.746908 -2.457040 0.109100
v 0.742408 -2.469801 0.086997
v 0.755366 -2.481024 0.067560
v 0.779719 -2.477588 -0.044590
v 0.779719 -2.414286 -0.062433
v 0.800206 -2.473860 -0.038133
v 0.789794 -2.412452 -0.059258
v 0.811107 -2.464420 -0.021782
v 0.795154 -2.407810 -0.051217
v 0.807321 -2.453685 -0.003188
v 0.793293 -2.402531 -0.042073
v 0.790620 -2.446677 0.008948
v 0.785080 -2.399086 -0.036105
v 0.768819 -2.446677 0.008948
v 0.774359 -2.399086 -0.036105
v 0.752118 -2.453685 -0.003188
v 0.766146 -2.402531 -0.042073
v 0.748332 -2.464420 -0.021782
v 0.764284 -2.407810 -0.051217
v 0.759233 -2.473860 -0.038133
v 0.769645 -2.412452 -0.059258
v 0.779719 -2.531735 -0.020275
v 0.804072 -2.527302 -0.012598
v 0.817030 -2.516081 0.006839
v 0.812530 -2.503319 0.028942
v 0.792677 -2.494990 0.043368
v 0.766761 -2.494990 0.043368
v 0.746908 -2.503319 0.028942
v 0.742408 -2.516081 0.006839
v 0.755366 -2.527302 -0.012598
v 0.779719 -2.526797 -0.129821
v 0.779719 -2.463495 -0.147665
v 0.800206 -2.523068 -0.123364
v 0.789794 -2.461661 -0.144489
v 0.811107 -2.513628 -0.107013
v 0.795154 -2.457018 -0.136448
v 0.807321 -2.502893 -0.088419
v 0.793293 -2.451739 -0.127305
v 0.790620 -2.495886 -0.076283
v 0.785080 -2.448294 -0.121336
v 0.768819 -2.495886 -0.076283
v 0.774359 -2.448294 -0.121336
v 0.752118 -2.502893 -0.088419
v 0.766146 -2.451739 -0.127305
v 0.748332 -2.513628 -0.107013
v 0.764284 -2.457018 -0.136448
v 0.759233 -2.523068 -0.123364
v 0.769645 -2.461661 -0.144489
v 0.779719 -2.580943 -0.105506
v 0.804072 -2.576511 -0.097830
v 0.817030 -2.565289 -0.078393
v 0.812530 -2.552528 -0.056290
v 0.792677 -2.544199 -0.041863
v 0.766761 -2.544199 -0.041863
v 0.746908 -2.552528 -0.056290
v 0.742408 -2.565289 -0.078393
v 0.755366 -2.576511 -0.097830
v 0.682710 -2.382101 0.120799
v 0.682710 -2.318799 0.102956
v 0.703197 -2.378372 0.127257
v 0.692785 -2.316966 0.106131
v 0.714097 -2.368932 0.143608
v 0.698145 -2.312323 0.114172
v 0.710312 -2.358197 0.162201
v 0.696283 -2.307044 0.123316
v 0.693611 -2.351191 0.174338
v 0.688071 -2.303598 0.129284
v 0.671809 -2.351191 0.174338
v 0.677350 -2.303598 0.129284
v 0.655109 -2.358197 0.162201
v 0.669137 -2.307044 0.123316
v 0.651323 -2.368932 0.143608
v 0.667275 -2.312323 0.114172
v 0.662224 -2.378372 0.127257
v 0.672636 -2.316966 0.106131
v 0.682710 -2.436247 0.145115
v 0.707063 -2.431815 0.152791
v 0.720021 -2.420593 0.172228
v 0.715521 -2.407832 0.194331
v 0.695668 -2.399503 0.208758
v 0.669752 -2.399503 0.208758
v 0.649899 -2.407832 0.194331
v 0.645399 -2.420593 0.172228
v 0.658357 -2.431815 0.152791
v 0.682710 -2.431309 0.035568
v 0.682710 -2.368007 0.017725
v 0.703197 -2.427580 0.042025
v 0.692785 -2.366174 0.020900
v 0.714097 -2.418140 0.058376
v 0.698145 -2.361531 0.028941
v 0.710312 -2.407405 0.076970
v 0.696283 -2.356252 0.038085
v 0.693611 -2.400399 0.089106
v 0.688071 -2.352806 0.044053
v 0.671809 -2.400399 0.089106
v 0.677350 -2.352806 0.044053
v 0.655109 -2.407405 0.076970
v 0.669137 -2.356252 0.038085
v 0.651323 -2.418140 0.058376
v 0.667275 -2.361531 0.028941
v 0.662224 -2.427580 0.042025
v 0.672636 -2.366174 0.020900
v 0.682710 -2.485455 0.059883
v 0.707063 -2.481024 0.067560
v 0.720021 -2.469801 0.086997
v 0.715521 -2.457040 0.109100
v 0.695668 -2.448711 0.123526
v 0.669752 -2.448711 0.123526
v 0.649899 -2.457040 0.109100
v 0.645399 -2.469801 0.086997
v 0.658357 -2.481024 0.067560
v 0.682710 -2.477588 -0.044590
v 0.682710 -2.414286 -0.062433
v 0.703197 -2.473860 -0.038133
v 0.692785 -2.412452 -0.059258
v 0.714097 -2.464420 -0.021782
v 0.698145 -2.407810 -0.051217
v 0.710312 -2.453685 -0.003188
v 0.696283 -2.402531 -0.042073
v 0.693611 -2.446677 0.008948
v 0.688071 -2.399086 -0.036105
v 0.671809 -2.446677 0.008948
v 0.677350 -2.399086 -0.036105
v 0.655109 -2.453685 -0.003188
v 0.669137 -2.402531 -0.042073
v 0.651323 -2.464420 -0.021782
v 0.667275 -2.407810 -0.051217
v 0.662224 -2.473860 -0.038133
v 0.672636 -2.412452 -0.059258
v 0.682710 -2.531735 -0.020275
v 0.707063 -2.527302 -0.012598
v 0.720021 -2.516081 0.006839
v 0.715521 -2.503319 0.028942
v 0.695668 -2.494990 0.043368
v 0.669752 -2.494990 0.043368
v 0.649899 -2.503319 0.028942
v 0.645399 -2.516081 0.006839
v 0.658357 -2.527302 -0.012598
v 0.682710 -2.526797 -0.129821
v 0.682710 -2.463495 -0.147665
v 0.703197 -2.523068 -0.123364
v 0.692785 -2.461661 -0.144489
v 0.714097 -2.513628 -0.107013
v 0.698145 -2.457018 -0.136448
v 0.710312 -2.502893 -0.088419
v 0.696283 -2.451739 -0.127305
v 0.693611 -2.495886 -0.076283
v 0.688071 -2.448294 -0.121336
v 0.671809 -2.495886 -0.076283
v 0.677350 -2.448294 -0.121336
v 0.655109 -2.502893 -0.088419
v 0.669137 -2.451739 -0.127305
v 0.651323 -2.513628 -0.107013
v 0.667275 -2.457018 -0.136448
v 0.662224 -2.523068 -0.123364
v 0.672636 -2.461661 -0.144489
v 0.682710 -2.580943 -0.105506
v 0.707063 -2.576511 -0.097830
v 0.720021 -2.565289 -0.078393
v 0.715521 -2.552528 -0.056290
v 0.695668 -2.544199 -0.041863
v 0.669752 -2.544199 -0.041863
v 0.649899 -2.552528 -0.056290
v 0.645399 -2.565289 -0.078393
v 0.658357 -2.576511 -0.097830
v 0.585701 -2.382101 0.120799
v 0.585701 -2.318799 0.102956
v 0.606188 -2.378372 0.127257
v 0.595775 -2.316966 0.106131
v 0.617088 -2.368932 0.143608
v 0.601136 -2.312323 0.114172
v 0.613302 -2.358197 0.162201
v 0.599274 -2.307044 0.123316
v 0.596602 -2.351191 0.174338
v 0.591061 -2.303598 0.129284
v 0.574800 -2.351191 0.174338
v 0.580340 -2.303598 0.129284
v 0.558100 -2.358197 0.162201
v 0.572128 -2.307044 0.123316
v 0.554314 -2.368932 0.143608
v 0.570266 -2.312323 0.114172
v 0.565214 -2.378372 0.127257
v 0.575626 -2.316966 0.106131
v 0.585701 -2.436247 0.145115
v 0.610054 -2.431815 0.152791
v 0.623012 -2.420593 0.172228
v 0.618512 -2.407832 0.194331
v 0.598659 -2.399503 0.208758
v 0.572743 -2.399503 0.208758
v 0.552890 -2.407832 0.194331
v 0.548390 -2.420593 0.172228
v 0.561348 -2.431815 0.152791
v 0.585701 -2.431309 0.035568
v 0.585701 -2.368007 0.017725
v 0.606188 -2.427580 0.042025
v 0.595775 -2.366174 0.020900
v 0.617088 -2.418140 0.058376
v 0.601136 -2.361531 0.028941
v 0.613302 -2.407405 0.076970
v 0.599274 -2.356252 0.038085
v 0.596602 -2.400399 0.089106
v 0.591061 -2.352806 0.044053
v 0.574800 -2.400399 0.089106
v 0.580340 -2.352806 0.044053
v 0.558100 -2.407405 0.076970
v 0.572128 -2.356252 0.038085
v 0.554314 -2.418140 0.058376
v 0.570266 -2.361531 0.028941
v 0.565214 -2.427580 0.042025
v 0.575626 -2.366174 0.020900
v 0.585701 -2.485455 0.059883
v 0.610054 -2.481024 0.067560
v 0.623012 -2.469801 0.086997
v 0.618512 -2.457040 0.109100
v 0.598659 -2.448711 0.123526
v 0.572743 -2.448711 0.123526
v 0.552890 -2.457040 0.109100
v 0.548390 -2.469801 0.086997
v 0.561348 -2.481024 0.067560
v 0.585701 -2.477588 -0.044590
v 0.585701 -2.414286 -0.062433
v 0.606188 -2.473860 -0.038133
v 0.595775 -2.412452 -0.059258
v 0.617088 -2.464420 -0.021782
v 0.601136 -2.407810 -0.051217
v 0.613302 -2.453685 -0.003188
v 0.599274 -2.402531 -0.042073
v 0.596602 -2.446677 0.008948
v 0.591061 -2.399086 -0.036105
v 0.574800 -2.446677 0.008948
v 0.580340 -2.399086 -0.036105
v 0.558100 -2.453685 -0.003188
v 0.572128 -2.402531 -0.042073
v 0.554314 -2.464420 -0.021782
v 0.570266 -2.407810 -0.051217
v 0.565214 -2.473860 -0.038133
v 0.575626 -2.412452 -0.059258
v 0.585701 -2.531735 -0.020275
v 0.610054 -2.527302 -0.012598
v 0.623012 -2.516081 0.006839
v 0.618512 -2.503319 0.028942
v 0.598659 -2.494990 0.043368
v 0.572743 -2.494990 0.043368
v 0.552890 -2.503319 0.028942
v 0.548390 -2.516081 0.006839
v 0.561348 -2.527302 -0.012598
v 0.585701 -2.526797 -0.129821
v 0.585701 -2.463495 -0.147665
v 0.606188 -2.523068 -0.123364
v 0.595775 -2.461661 -0.144489
v 0.617088 -2.513628 -0.107013
v 0.601136 -2.457018 -0.136448
v 0.613302 -2.502893 -0.088419
v 0.599274 -2.451739 -0.127305
v 0.596602 -2.495886 -0.076283
v 0.591061 -2.448294 -0.121336
v 0.574800 -2.495886 -0.076283
v 0.580340 -2.448294 -0.121336
v 0.558100 -2.502893 -0.088419
v 0.572128 -2.451739 -0.127305
v 0.554314 -2.513628 -0.107013
v 0.570266 -2.457018 -0.136448
v 0.565214 -2.523068 -0.123364
v 0.575626 -2.461661 -0.144489
v 0.585701 -2.580943 -0.105506
v 0.610054 -2.576511 -0.097830
v 0.623012 -2.565289 -0.078393
v 0.618512 -2.552528 -0.056290
v 0.598659 -2.544199 -0.041863
v 0.572743 -2.544199 -0.041863
v 0.552890 -2.552528 -0.056290
v 0.548390 -2.565289 -0.078393
v 0.561348 -2.576511 -0.097830
v 0.488692 -2.382101 0.120799
v 0.488692 -2.318799 0.102956
v 0.509178 -2.378372 0.127257
v 0.498766 -2.316966 0.106131
v 0.520079 -2.368932 0.143608
v 0.504127 -2.312323 0.114172
v 0.516293 -2.358197 0.162201
v 0.502265 -2.307044 0.123316
v 0.499592 -2.351191 0.174338
v 0.494052 -2.303598 0.129284
v 0.477791 -2.351191 0.174338
v 0.483331 -2.303598 0.129284
v 0.461090 -2.358197 0.162201
v 0.475118 -2.307044 0.123316
v 0.457305 -2.368932 0.143608
v 0.473257 -2.312323 0.114172
v 0.468205 -2.378372 0.127257
v 0.478617 -2.316966 0.106131
v 0.488692 -2.436247 0.145115
v 0.513045 -2.431815 0.152791
v 0.526003 -2.420593 0.172228
v 0.521503 -2.407832 0.194331
v 0.501650 -2.399503 0.208758
v 0.475734 -2.399503 0.208758
v 0.455881 -2.407832 0.194331
v 0.451381 -2.420593 0.172228
v 0.464339 -2.431815 0.152791
v 0.488692 -2.431309 0.035568
v 0.488692 -2.368007 0.017725
v 0.509178 -2.427580 0.042025
v 0.498766 -2.366174 0.020900
v 0.520079 -2.418140 0.058376
v 0.504127 -2.361531 0.028941
v 0.516293 -2.407405 0.076970
v 0.502265 -2.356252 0.038085
v 0.499592 -2.400399 0.089106
v 0.494052 -2.352806 0.044053
v 0.477791 -2.400399 0.089106
v 0.483331 -2.352806 0.044053
v 0.461090 -2.407405 0.076970
v 0.475118 -2.356252 0.038085
v 0.457305 -2.418140 0.058376
v 0.473257 -2.361531 0.028941
v 0.468205 -2.427580 0.042025
v 0.478617 -2.366174 0.020900
v 0.488692 -2.485455 0.059883
v 0.513045 -2.481024 0.067560
v 0.526003 -2.469801 0.086997
v 0.521503 -2.457040 0.109100
v 0.501650 -2.448711 0.123526
v 0.475734 -2.448711 0.123526
v 0.455881 -2.457040 0.109100
v 0.451381 -2.469801 0.086997
v 0.464339 -2.481024 0.067560
v 0.488692 -2.477588 -0.044590
v 0.488692 -2.414286 -0.062433
v 0.509178 -2.473860 -0.038133
v 0.498766 -2.412452 -0.059258
v 0.520079 -2.464420 -0.021782
v 0.504127 -2.407810 -0.051217
v 0.516293 -2.453685 -0.003188
v 0.502265 -2.402531 -0.042073
v 0.499592 -2.446677 0.008948
v 0.494052 -2.399086 -0.036105
v 0.477791 -2.446677 0.008948
v 0.483331 -2.399086 -0.036105
v 0.461090 -2.453685 -0.003188
v 0.475118 -2.402531 -0.042073
v 0.457305 -2.464420 -0.021782
v 0.473257 -2.407810 -0.051217
v 0.468205 -2.473860 -0.038133
v 0.478617 -2.412452 -0.059258
v 0.488692 -2.531735 -0.020275
v 0.513045 -2.527302 -0.012598
v 0.526003 -2.516081 0.006839
v 0.521503 -2.503319 0.028942
v 0.501650 -2.494990 0.043368
v 0.475734 -2.494990 0.043368
v 0.455881 -2.503319 0.028942
v 0.451381 -2.516081 0.006839
v 0.464339 -2.527302 -0.012598
v 0.488692 -2.526797 -0.129821
v 0.488692 -2.463495 -0.147665
v 0.509178 -2.523068 -0.123364
v 0.498766 -2.461661 -0.144489
v 0.520079 -2.513628 -0.107013
v 0.504127 -2.457018 -0.136448
v 0.516293 -2.502893 -0.088419
v 0.502265 -2.451739 -0.127305
v 0.499592 -2.495886 -0.076283
v 0.494052 -2.448294 -0.121336
v 0.477791 -2.495886 -0.076283
v 0.483331 -2.448294 -0.121336
v 0.461090 -2.502893 -0.088419
v 0.475118 -2.451739 -0.127305
v 0.457305 -2.513628 -0.107013
v 0.473257 -2.457018 -0.136448
v 0.468205 -2.523068 -0.123364
v 0.478617 -2.461661 -0.144489
v 0.488692 -2.580943 -0.105506
v 0.513045 -2.576511 -0.097830
v 0.526003 -2.565289 -0.078393
v 0.521503 -2.552528 -0.056290
v 0.501650 -2.544199 -0.041863
v 0.475734 -2.544199 -0.041863
v 0.455881 -2.552528 -0.056290
v 0.451381 -2.565289 -0.078393
v 0.464339 -2.576511 -0.097830
v 0.391683 -2.382101 0.120799
v 0.391683 -2.318799 0.102956
v 0.412169 -2.378372 0.127257
v 0.401757 -2.316966 0.106131
v 0.423070 -2.368932 0.143608
v 0.407118 -2.312323 0.114172
v 0.419284 -2.358197 0.162201
v 0.405256 -2.307044 0.123316
v 0.402583 -2.351191 0.174338
v 0.397043 -2.303598 0.129284
v 0.380782 -2.351191 0.174338
v 0.386322 -2.303598 0.129284
v 0.364081 -2.358197 0.162201
v 0.378109 -2.307044 0.123316
v 0.360295 -2.368932 0.143608
v 0.376248 -2.312323 0.114172
v 0.371196 -2.378372 0.127257
v 0.381608 -2.316966 0.106131
v 0.391683 -2.436247 0.145115
v 0.416036 -2.431815 0.152791
v 0.428994 -2.420593 0.172228
v 0.424494 -2.407832 0.194331
v 0.404641 -2.399503 0.208758
v 0.378725 -2.399503 0.208758
v 0.358872 -2.407832 0.194331
v 0.354371 -2.420593 0.172228
v 0.367330 -2.431815 0.152791
v 0.391683 -2.431309 0.035568
v 0.391683 -2.368007 0.017725
v 0.412169 -2.427580 0.042025
v 0.401757 -2.366174 0.020900
v 0.423070 -2.418140 0.058376
v 0.407118 -2.361531 0.028941
v 0.419284 -2.407405 0.076970
v 0.405256 -2.356252 0.038085
v 0.402583 -2.400399 0.089106
v 0.397043 -2.352806 0.044053
v 0.380782 -2.400399 0.089106
v 0.386322 -2.352806 0.044053
v 0.364081 -2.407405 0.076970
v 0.378109 -2.356252 0.038085
v 0.360295 -2.418140 0.058376
v 0.376248 -2.361531 0.028941
v 0.371196 -2.427580 0.042025
v 0.381608 -2.366174 0.020900
v 0.391683 -2.485455 0.059883
v 0.416036 -2.481024 0.067560
v 0.428994 -2.469801 0.086997
v 0.424494 -2.457040 0.109100
v 0.404641 -2.448711 0.123526
v 0.378725 -2.448711 0.123526
v 0.358872 -2.457040 0.109100
v 0.354371 -2.469801 0.086997
v 0.367330 -2.481024 0.067560
v 0.391683 -2.477588 -0.044590
v 0.391683 -2.414286 -0.062433
v 0.412169 -2.473860 -0.038133
v 0.401757 -2.412452 -0.059258
v 0.423070 -2.464420 -0.021782
v 0.407118 -2.407810 -0.051217
v 0.419284 -2.453685 -0.003188
v 0.405256 -2.402531 -0.042073
v 0.402583 -2.446677 0.008948
v 0.397043 -2.399086 -0.036105
v 0.380782 -2.446677 0.008948
v 0.386322 -2.399086 -0.036105
v 0.364081 -2.453685 -0.003188
v 0.378109 -2.402531 -0.042073
v 0.360295 -2.464420 -0.021782
v 0.376248 -2.407810 -0.051217
v 0.371196 -2.473860 -0.038133
v 0.381608 -2.412452 -0.059258
v 0.391683 -2.531735 -0.020275
v 0.416036 -2.527302 -0.012598
v 0.428994 -2.516081 0.006839
v 0.424494 -2.503319 0.028942
v 0.404641 -2.494990 0.043368
v 0.378725 -2.494990 0.043368
v 0.358872 -2.503319 0.028942
v 0.354371 -2.516081 0.006839
v 0.367330 -2.527302 -0.012598
v 0.391683 -2.526797 -0.129821
v 0.391683 -2.463495 -0.147665
v 0.412169 -2.523068 -0.123364
v 0.401757 -2.461661 -0.144489
v 0.423070 -2.513628 -0.107013
v 0.407118 -2.457018 -0.136448
v 0.419284 -2.502893 -0.088419
v 0.405256 -2.451739 -0.127305
v 0.402583 -2.495886 -0.076283
v 0.397043 -2.448294 -0.121336
v 0.380782 -2.495886 -0.076283
v 0.386322 -2.448294 -0.121336
v 0.364081 -2.502893 -0.088419
v 0.378109 -2.451739 -0.127305
v 0.360295 -2.513628 -0.107013
v 0.376248 -2.457018 -0.136448
v 0.371196 -2.523068 -0.123364
v 0.381608 -2.461661 -0.144489
v 0.391683 -2.580943 -0.105506
v 0.416036 -2.576511 -0.097830
v 0.428994 -2.565289 -0.078393
v 0.424494 -2.552528 -0.056290
v 0.404641 -2.544199 -0.041863
v 0.378725 -2.544199 -0.041863
v 0.358872 -2.552528 -0.056290
v 0.354371 -2.565289 -0.078393
v 0.367330 -2.576511 -0.097830
v 0.294674 -2.382101 0.120799
v 0.294674 -2.318799 0.102956
v 0.315160 -2.378372 0.127257
v 0.304748 -2.316966 0.106131
v 0.326061 -2.368932 0.143608
v 0.310109 -2.312323 0.114172
v 0.322275 -2.358197 0.162201
v 0.308247 -2.307044 0.123316
v 0.305574 -2.351191 0.174338
v 0.300034 -2.303598 0.129284
v 0.283773 -2.351191 0.174338
v 0.289313 -2.303598 0.129284
v 0.267072 -2.358197 0.162201
v 0.281100 -2.307044 0.123316
v 0.263286 -2.368932 0.143608
v 0.279239 -2.312323 0.114172
v 0.274187 -2.378372 0.127257
v 0.284599 -2.316966 0.106131
v 0.294674 -2.436247 0.145115
v 0.319027 -2.431815 0.152791
v 0.331985 -2.420593 0.172228
v 0.327484 -2.407832 0.194331
v 0.307632 -2.399503 0.208758
v 0.281716 -2.399503 0.208758
v 0.261863 -2.407832 0.194331
v 0.257362 -2.420593 0.172228
v 0.270320 -2.431815 0.152791
v 0.294674 -2.431309 0.035568
v 0.294674 -2.368007 0.017725
v 0.315160 -2.427580 0.042025
v 0.304748 -2.366174 0.020900
v 0.326061 -2.418140 0.058376
v 0.310109 -2.361531 0.028941
v 0.322275 -2.407405 0.076970
v 0.308247 -2.356252 0.038085
v 0.305574 -2.400399 0.089106
v 0.300034 -2.352806 0.044053
v 0.283773 -2.400399 0.089106
v 0.289313 -2.352806 0.044053
v 0.267072 -2.407405 0.076970
v 0.281100 -2.356252 0.038085
v 0.263286 -2.418140 0.058376
v 0.279239 -2.361531 0.028941
v 0.274187 -2.427580 0.042025
v 0.284599 -2.366174 0.020900
v 0.294674 -2.485455 0.059883
v 0.319027 -2.481024 0.067560
v 0.331985 -2.469801 0.086997
v 0.327484 -2.457040 0.109100
v 0.307632 -2.448711 0.123526
v 0.281716 -2.448711 0.123526
v 0.261863 -2.457040 0.109100
v 0.257362 -2.469801 0.086997
v 0.270320 -2.481024 0.067560
v 0.294674 -2.477588 -0.044590
v 0.294674 -2.414286 -0.062433
v 0.315160 -2.473860 -0.038133
v 0.304748 -2.412452 -0.059258
v 0.326061 -2.464420 -0.021782
v 0.310109 -2.407810 -0.051217
v 0.322275 -2.453685 -0.003188
v 0.308247 -2.402531 -0.042073
v 0.305574 -2.446677 0.008948
v 0.300034 -2.399086 -0.036105
v 0.283773 -2.446677 0.008948
v 0.289313 -2.399086 -0.036105
v 0.267072 -2.453685 -0.003188
v 0.281100 -2.402531 -0.042073
v 0.263286 -2.464420 -0.021782
v 0.279239 -2.407810 -0.051217
v 0.274187 -2.473860 -0.038133
v 0.284599 -2.412452 -0.059258
v 0.294674 -2.531735 -0.020275
v 0.319027 -2.527302 -0.012598
v 0.331985 -2.516081 0.006839
v 0.327484 -2.503319 0.028942
v 0.307632 -2.494990 0.043368
v 0.281716 -2.494990 0.043368
v 0.261863 -2.503319 0.028942
v 0.257362 -2.516081 0.006839
v 0.270320 -2.527302 -0.012598
v 0.294674 -2.526797 -0.129821
v 0.294674 -2.463495 -0.147665
v 0.315160 -2.523068 -0.123364
v 0.304748 -2.461661 -0.144489
v 0.326061 -2.513628 -0.107013
v 0.310109 -2.457018 -0.136448
v 0.322275 -2.502893 -0.088419
v 0.308247 -2.451739 -0.127305
v 0.305574 -2.495886 -0.076283
v 0.300034 -2.448294 -0.121336
v 0.283773 -2.495886 -0.076283
v 0.289313 -2.448294 -0.121336
v 0.267072 -2.502893 -0.088419
v 0.281100 -2.451739 -0.127305
v 0.263286 -2.513628 -0.107013
v 0.279239 -2.457018 -0.136448
v 0.274187 -2.523068 -0.123364
v 0.284599 -2.461661 -0.144489
v 0.294674 -2.580943 -0.105506
v 0.319027 -2.576511 -0.097830
v 0.331985 -2.565289 -0.078393
v 0.327484 -2.552528 -0.056290
v 0.307632 -2.544199 -0.041863
v 0.281716 -2.544199 -0.041863
v 0.261863 -2.552528 -0.056290
v 0.257362 -2.565289 -0.078393
v 0.270320 -2.576511 -0.097830
v 0.197664 -2.382101 0.120799
v 0.197664 -2.318799 0.102956
v 0.218151 -2.378372 0.127257
v 0.207739 -2.316966 0.106131
v 0.229052 -2.368932 0.143608
v 0.213099 -2.312323 0.114172
v 0.225266 -2.358197 0.162201
v 0.211238 -2.307044 0.123316
v 0.208565 -2.351191 0.174338
v 0.203025 -2.303598 0.129284
v 0.186764 -2.351191 0.174338
v 0.192304 -2.303598 0.129284
v 0.170063 -2.358197 0.162201
v 0.184091 -2.307044 0.123316
v 0.166277 -2.368932 0.143608
v 0.182229 -2.312323 0.114172
v 0.177178 -2.378372 0.127257
v 0.187590 -2.316966 0.106131
v 0.197664 -2.436247 0.145115
v 0.222018 -2.431815 0.152791
v 0.234976 -2.420593 0.172228
v 0.230475 -2.407832 0.194331
v 0.210622 -2.399503 0.208758
v 0.184706 -2.399503 0.208758
v 0.164854 -2.407832 0.194331
v 0.160353 -2.420593 0.172228
v 0.173311 -2.431815 0.152791
v 0.197664 -2.431309 0.035568
v 0.197664 -2.368007 0.017725
v 0.218151 -2.427580 0.042025
v 0.207739 -2.366174 0.020900
v 0.229052 -2.418140 0.058376
v 0.213099 -2.361531 0.028941
v 0.225266 -2.407405 0.076970
v 0.211238 -2.356252 0.038085
v 0.208565 -2.400399 0.089106
v 0.203025 -2.352806 0.044053
v 0.186764 -2.400399 0.089106
v 0.192304 -2.352806 0.044053
v 0.170063 -2.407405 0.076970
v 0.184091 -2.356252 0.038085
v 0.166277 -2.418140 0.058376
v 0.182229 -2.361531 0.028941
v 0.177178 -2.427580 0.042025
v 0.187590 -2.366174 0.020900
v 0.197664 -2.485455 0.059883
v 0.222018 -2.481024 0.067560
v 0.234976 -2.469801 0.086997
v 0.230475 -2.457040 0.109100
v 0.210622 -2.448711 0.123526
v 0.184706 -2.448711 0.123526
v 0.164854 -2.457040 0.109100
v 0.160353 -2.469801 0.086997
v 0.173311 -2.481024 0.067560
v 0.197664 -2.477588 -0.044590
v 0.197664 -2.414286 -0.062433
v 0.218151 -2.473860 -0.038133
v 0.207739 -2.412452 -0.059258
v 0.229052 -2.464420 -0.021782
v 0.213099 -2.407810 -0.051217
v 0.225266 -2.453685 -0.003188
v 0.211238 -2.402531 -0.042073
v 0.208565 -2.446677 0.008948
v 0.203025 -2.399086 -0.036105
v 0.186764 -2.446677 0.008948
v 0.192304 -2.399086 -0.036105
v 0.170063 -2.453685 -0.003188
v 0.184091 -2.402531 -0.042073
v 0.166277 -2.464420 -0.021782
v 0.182229 -2.407810 -0.051217
v 0.177178 -2.473860 -0.038133
v 0.187590 -2.412452 -0.059258
v 0.197664 -2.531735 -0.020275
v 0.222018 -2.527302 -0.012598
v 0.234976 -2.516081 0.006839
v 0.230475 -2.503319 0.028942
v 0.210622 -2.494990 0.043368
v 0.184706 -2.494990 0.043368
v 0.164854 -2.503319 0.028942
v 0.160353 -2.516081 0.006839
v 0.173311 -2.527302 -0.012598
v 0.197664 -2.526797 -0.129821
v 0.197664 -2.463495 -0.147665
v 0.218151 -2.523068 -0.123364
v 0.207739 -2.461661 -0.144489
v 0.229052 -2.513628 -0.107013
v 0.213099 -2.457018 -0.136448
v 0.225266 -2.502893 -0.088419
v 0.211238 -2.451739 -0.127305
v 0.208565 -2.495886 -0.076283
v 0.203025 -2.448294 -0.121336
v 0.186764 -2.495886 -0.076283
v 0.192304 -2.448294 -0.121336
v 0.170063 -2.502893 -0.088419
v 0.184091 -2.451739 -0.127305
v 0.166277 -2.513628 -0.107013
v 0.182229 -2.457018 -0.136448
v 0.177178 -2.523068 -0.123364
v 0.187590 -2.461661 -0.144489
v 0.197664 -2.580943 -0.105506
v 0.222018 -2.576511 -0.097830
v 0.234976 -2.565289 -0.078393
v 0.230475 -2.552528 -0.056290
v 0.210622 -2.544199 -0.041863
v 0.184706 -2.544199 -0.041863
v 0.164854 -2.552528 -0.056290
v 0.160353 -2.565289 -0.078393
v 0.173311 -2.576511 -0.097830
v 0.100655 -2.382101 0.120799
v 0.100655 -2.318799 0.102956
v 0.121142 -2.378372 0.127257
v 0.110730 -2.316966 0.106131
v 0.132043 -2.368932 0.143608
v 0.116090 -2.312323 0.114172
v 0.128257 -2.358197 0.162201
v 0.114229 -2.307044 0.123316
v 0.111556 -2.351191 0.174338
v 0.106016 -2.303598 0.129284
v 0.089755 -2.351191 0.174338
v 0.095295 -2.303598 0.129284
v 0.073054 -2.358197 0.162201
v 0.087082 -2.307044 0.123316
v 0.069268 -2.368932 0.143608
v 0.085220 -2.312323 0.114172
v 0.080169 -2.378372 0.127257
v 0.090581 -2.316966 0.106131
v 0.100655 -2.436247 0.145115
v 0.125008 -2.431815 0.152791
v 0.137966 -2.420593 0.172228
v 0.133466 -2.407832 0.194331
v 0.113613 -2.399503 0.208758
v 0.087697 -2.399503 0.208758
v 0.067844 -2.407832 0.194331
v 0.063344 -2.420593 0.172228
v 0.076302 -2.431815 0.152791
v 0.100655 -2.431309 0.035568
v 0.100655 -2.368007 0.017725
v 0.121142 -2.427580 0.042025
v 0.110730 -2.366174 0.020900
v 0.132043 -2.418140 0.058376
v 0.116090 -2.361531 0.028941
v 0.128257 -2.407405 0.076970
v 0.114229 -2.356252 0.038085
v 0.111556 -2.400399 0.089106
v 0.106016 -2.352806 0.044053
v 0.089755 -2.400399 0.089106
v 0.095295 -2.352806 0.044053
v 0.073054 -2.407405 0.076970
v 0.087082 -2.356252 0.038085
v 0.069268 -2.418140 0.058376
v 0.085220 -2.361531 0.028941
v 0.080169 -2.427580 0.042025
v 0.090581 -2.366174 0.020900
v 0.100655 -2.485455 0.059883
v 0.125008 -2.481024 0.067560
v 0.137966 -2.469801 0.086997
v 0.133466 -2.457040 0.109100
v 0.113613 -2.448711 0.123526
v 0.087697 -2.448711 0.123526
v 0.067844 -2.457040 0.109100
v 0.063344 -2.469801 0.086997
v 0.076302 -2.481024 0.067560
v 0.100655 -2.477588 -0.044590
v 0.100655 -2.414286 -0.062433
v 0.121142 -2.473860 -0.038133
v 0.110730 -2.412452 -0.059258
v 0.132043 -2.464420 -0.021782
v 0.116090 -2.407810 -0.051217
v 0.128257 -2.453685 -0.003188
v 0.114229 -2.402531 -0.042073
v 0.111556 -2.446677 0.008948
v 0.106016 -2.399086 -0.036105
v 0.089755 -2.446677 0.008948
v 0.095295 -2.399086 -0.036105
v 0.073054 -2.453685 -0.003188
v 0.087082 -2.402531 -0.042073
v 0.069268 -2.464420 -0.021782
v 0.085220 -2.407810 -0.051217
v 0.080169 -2.473860 -0.038133
v 0.090581 -2.412452 -0.059258
v 0.100655 -2.531735 -0.020275
v 0.125008 -2.527302 -0.012598
v 0.137966 -2.516081 0.006839
v 0.133466 -2.503319 0.028942
v 0.113613 -2.494990 0.043368
v 0.087697 -2.494990 0.043368
v 0.067844 -2.503319 0.028942
v 0.063344 -2.516081 0.006839
v 0.076302 -2.527302 -0.012598
v 0.100655 -2.526797 -0.129821
v 0.100655 -2.463495 -0.147665
v 0.121142 -2.523068 -0.123364
v 0.110730 -2.461661 -0.144489
v 0.132043 -2.513628 -0.107013
v 0.116090 -2.457018 -0.136448
v 0.128257 -2.502893 -0.088419
v 0.114229 -2.451739 -0.127305
v 0.111556 -2.495886 -0.076283
v 0.106016 -2.448294 -0.121336
v 0.089755 -2.495886 -0.076283
v 0.095295 -2.448294 -0.121336
v 0.073054 -2.502893 -0.088419
v 0.087082 -2.451739 -0.127305
v 0.069268 -2.513628 -0.107013
v 0.085220 -2.457018 -0.136448
v 0.080169 -2.523068 -0.123364
v 0.090581 -2.461661 -0.144489
v 0.100655 -2.580943 -0.105506
v 0.125008 -2.576511 -0.097830
v 0.137966 -2.565289 -0.078393
v 0.133466 -2.552528 -0.056290
v 0.113613 -2.544199 -0.041863
v 0.087697 -2.544199 -0.041863
v 0.067844 -2.552528 -0.056290
v 0.063344 -2.565289 -0.078393
v 0.076302 -2.576511 -0.097830
v 0.003646 -2.382101 0.120799
v 0.003646 -2.318799 0.102956
v 0.024133 -2.378372 0.127257
v 0.013721 -2.316966 0.106131
v 0.035033 -2.368932 0.143608
v 0.019081 -2.312323 0.114172
v 0.031248 -2.358197 0.162201
v 0.017219 -2.307044 0.123316
v 0.014547 -2.351191 0.174338
v 0.009007 -2.303598 0.129284
v -0.007255 -2.351191 0.174338
v -0.001714 -2.303598 0.129284
v -0.023955 -2.358197 0.162201
v -0.009927 -2.307044 0.123316
v -0.027741 -2.368932 0.143608
v -0.011789 -2.312323 0.114172
v -0.016840 -2.378372 0.127257
v -0.006428 -2.316966 0.106131
v 0.003646 -2.436247 0.145115
v 0.027999 -2.431815 0.152791
v 0.040957 -2.420593 0.172228
v 0.036457 -2.407832 0.194331
v 0.016604 -2.399503 0.208758
v -0.009312 -2.399503 0.208758
v -0.029165 -2.407832 0.194331
v -0.033665 -2.420593 0.172228
v -0.020707 -2.431815 0.152791
v 0.003646 -2.431309 0.035568
v 0.003646 -2.368007 0.017725
v 0.024133 -2.427580 0.042025
v 0.013721 -2.366174 0.020900
v 0.035033 -2.418140 0.058376
v 0.019081 -2.361531 0.028941
v 0.031248 -2.407405 0.076970
v 0.017219 -2.356252 0.038085
v 0.014547 -2.400399 0.089106
v 0.009007 -2.352806 0.044053
v -0.007255 -2.400399 0.089106
v -0.001714 -2.352806 0.044053
v -0.023955 -2.407405 0.076970
v -0.009927 -2.356252 0.038085
v -0.027741 -2.418140 0.058376
v -0.011789 -2.361531 0.028941
v -0.016840 -2.427580 0.042025
v -0.006428 -2.366174 0.020900
v 0.003646 -2.485455 0.059883
v 0.027999 -2.481024 0.067560
v 0.040957 -2.469801 0.086997
v 0.036457 -2.457040 0.109100
v 0.016604 -2.448711 0.123526
v -0.009312 -2.448711 0.123526
v -0.029165 -2.457040 0.109100
v -0.033665 -2.469801 0.086997
v -0.020707 -2.481024 0.067560
v 0.003646 -2.477588 -0.044590
v 0.003646 -2.414286 -0.062433
v 0.024133 -2.473860 -0.038133
v 0.013721 -2.412452 -0.059258
v 0.035033 -2.464420 -0.021782
v 0.019081 -2.407810 -0.051217
v 0.031248 -2.453685 -0.003188
v 0.017219 -2.402531 -0.042073
v 0.014547 -2.446677 0.008948
v 0.009007 -2.399086 -0.036105
v -0.007255 -2.446677 0.008948
v -0.001714 -2.399086 -0.036105
v -0.023955 -2.453685 -0.003188
v -0.009927 -2.402531 -0.042073
v -0.027741 -2.464420 -0.021782
v -0.011789 -2.407810 -0.051217
v -0.016840 -2.473860 -0.038133
v -0.006428 -2.412452 -0.059258
v 0.003646 -2.531735 -0.020275
v 0.027999 -2.527302 -0.012598
v 0.040957 -2.516081 0.006839
v 0.036457 -2.503319 0.028942
v 0.016604 -2.494990 0.043368
v -0.009312 -2.494990 0.043368
v -0.029165 -2.503319 0.028942
v -0.033665 -2.516081 0.006839
v -0.020707 -2.527302 -0.012598
v 0.003646 -2.526797 -0.129821
v 0.003646 -2.463495 -0.147665
v 0.024133 -2.523068 -0.123364
v 0.013721 -2.461661 -0.144489
v 0.035033 -2.513628 -0.107013
v 0.019081 -2.457018 -0.136448
v 0.031248 -2.502893 -0.088419
v 0.017219 -2.451739 -0.127305
v 0.014547 -2.495886 -0.076283
v 0.009007 -2.448294 -0.121336
v -0.007255 -2.495886 -0.076283
v -0.001714 -2.448294 -0.121336
v -0.023955 -2.502893 -0.088419
v -0.009927 -2.451739 -0.127305
v -0.027741 -2.513628 -0.107013
v -0.011789 -2.457018 -0.136448
v -0.016840 -2.523068 -0.123364
v -0.006428 -2.461661 -0.144489
v 0.003646 -2.580943 -0.105506
v 0.027999 -2.576511 -0.097830
v 0.040957 -2.565289 -0.078393
v 0.036457 -2.552528 -0.056290
v 0.016604 -2.544199 -0.041863
v -0.009312 -2.544199 -0.041863
v -0.029165 -2.552528 -0.056290
v -0.033665 -2.565289 -0.078393
v -0.020707 -2.576511 -0.097830
v -0.093363 -2.382101 0.120799
v -0.093363 -2.318799 0.102956
v -0.072877 -2.378372 0.127257
v -0.083289 -2.316966 0.106131
v -0.061976 -2.368932 0.143608
v -0.077928 -2.312323 0.114172
v -0.065762 -2.358197 0.162201
v -0.079790 -2.307044 0.123316
v -0.082462 -2.351191 0.174338
v -0.088003 -2.303598 0.129284
v -0.104264 -2.351191 0.174338
v -0.098724 -2.303598 0.129284
v -0.120965 -2.358197 0.162201
v -0.106936 -2.307044 0.123316
v -0.124750 -2.368932 0.143608
v -0.108798 -2.312323 0.114172
v -0.113850 -2.378372 0.127257
v -0.103438 -2.316966 0.106131
v -0.093363 -2.436247 0.145115
v -0.069010 -2.431815 0.152791
v -0.056052 -2.420593 0.172228
v -0.060552 -2.407832 0.194331
v -0.080405 -2.399503 0.208758
v -0.106321 -2.399503 0.208758
v -0.126174 -2.407832 0.194331
v -0.130674 -2.420593 0.172228
v -0.117716 -2.431815 0.152791
v -0.093363 -2.431309 0.035568
v -0.093363 -2.368007 0.017725
v -0.072877 -2.427580 0.042025
v -0.083289 -2.366174 0.020900
v -0.061976 -2.418140 0.058376
v -0.077928 -2.361531 0.028941
v -0.065762 -2.407405 0.076970
v -0.079790 -2.356252 0.038085
v -0.082462 -2.400399 0.089106
v -0.088003 -2.352806 0.044053
v -0.104264 -2.400399 0.089106
v -0.098724 -2.352806 0.044053
v -0.120965 -2.407405 0.076970
v -0.106936 -2.356252 0.038085
v -0.124750 -2.418140 0.058376
v -0.108798 -2.361531 0.028941
v -0.113850 -2.427580 0.042025
v -0.103438 -2.366174 0.020900
v -0.093363 -2.485455 0.059883
v -0.069010 -2.481024 0.067560
v -0.056052 -2.469801 0.086997
v -0.060552 -2.457040 0.109100
v -0.080405 -2.448711 0.123526
v -0.106321 -2.448711 0.123526
v -0.126174 -2.457040 0.109100
v -0.130674 -2.469801 0.086997
v -0.117716 -2.481024 0.067560
v -0.093363 -2.477588 -0.044590
v -0.093363 -2.414286 -0.062433
v -0.072877 -2.473860 -0.038133
v -0.083289 -2.412452 -0.059258
v -0.061976 -2.464420 -0.021782
v -0.077928 -2.407810 -0.051217
v -0.065762 -2.453685 -0.003188
v -0.079790 -2.402531 -0.042073
v -0.082462 -2.446677 0.008948
v -0.088003 -2.399086 -0.036105
v -0.104264 -2.446677 0.008948
v -0.098724 -2.399086 -0.036105
v -0.120965 -2.453685 -0.003188
v -0.106936 -2.402531 -0.042073
v -0.124750 -2.464420 -0.021782
v -0.108798 -2.407810 -0.051217
v -0.113850 -2.473860 -0.038133
v -0.103438 -2.412452 -0.059258
v -0.093363 -2.531735 -0.020275
v -0.069010 -2.527302 -0.012598
v -0.056052 -2.516081 0.006839
v -0.060552 -2.503319 0.028942
v -0.080405 -2.494990 0.043368
v -0.106321 -2.494990 0.043368
v -0.126174 -2.503319 0.028942
v -0.130674 -2.516081 0.006839
v -0.117716 -2.527302 -0.012598
v -0.093363 -2.526797 -0.129821
v -0.093363 -2.463495 -0.147665
v -0.072877 -2.523068 -0.123364
v -0.083289 -2.461661 -0.144489
v -0.061976 -2.513628 -0.107013
v -0.077928 -2.457018 -0.136448
v -0.065762 -2.502893 -0.088419
v -0.079790 -2.451739 -0.127305
v -0.082462 -2.495886 -0.076283
v -0.088003 -2.448294 -0.121336
v -0.104264 -2.495886 -0.076283
v -0.098724 -2.448294 -0.121336
v -0.120965 -2.502893 -0.088419
v -0.106936 -2.451739 -0.127305
v -0.124750 -2.513628 -0.107013
v -0.108798 -2.457018 -0.136448
v -0.113850 -2.523068 -0.123364
v -0.103438 -2.461661 -0.144489
v -0.093363 -2.580943 -0.105506
v -0.069010 -2.576511 -0.097830
v -0.056052 -2.565289 -0.078393
v -0.060552 -2.552528 -0.056290
v -0.080405 -2.544199 -0.041863
v -0.106321 -2.544199 -0.041863
v -0.126174 -2.552528 -0.056290
v -0.130674 -2.565289 -0.078393
v -0.117716 -2.576511 -0.097830
v -0.190372 -2.382101 0.120799
v -0.190372 -2.318799 0.102956
v -0.169886 -2.378372 0.127257
v -0.180298 -2.316966 0.106131
v -0.158985 -2.368932 0.143608
v -0.174937 -2.312323 0.114172
v -0.162771 -2.358197 0.162201
v -0.176799 -2.307044 0.123316
v -0.179472 -2.351191 0.174338
v -0.185012 -2.303598 0.129284
v -0.201273 -2.351191 0.174338
v -0.195733 -2.303598 0.129284
v -0.217974 -2.358197 0.162201
v -0.203945 -2.307044 0.123316
v -0.221759 -2.368932 0.143608
v -0.205807 -2.312323 0.114172
v -0.210859 -2.378372 0.127257
v -0.200447 -2.316966 0.106131
v -0.190372 -2.436247 0.145115
v -0.166019 -2.431815 0.152791
v -0.153061 -2.420593 0.172228
v -0.157561 -2.407832 0.194331
v -0.177414 -2.399503 0.208758
v -0.203330 -2.399503 0.208758
v -0.223183 -2.407832 0.194331
v -0.227683 -2.420593 0.172228
v -0.214725 -2.431815 0.152791
v -0.190372 -2.431309 0.035568
v -0.190372 -2.368007 0.017725
v -0.169886 -2.427580 0.042025
v -0.180298 -2.366174 0.020900
v -0.158985 -2.418140 0.058376
v -0.174937 -2.361531 0.028941
v -0.162771 -2.407405 0.076970
v -0.176799 -2.356252 0.038085
v -0.179472 -2.400399 0.089106
v -0.185012 -2.352806 0.044053
v -0.201273 -2.400399 0.089106
v -0.195733 -2.352806 0.044053
v -0.217974 -2.407405 0.076970
v -0.203945 -2.356252 0.038085
v -0.221759 -2.418140 0.058376
v -0.205807 -2.361531 0.028941
v -0.210859 -2.427580 0.042025
v -0.200447 -2.366174 0.020900
v -0.190372 -2.485455 0.059883
v -0.166019 -2.481024 0.067560
v -0.153061 -2.469801 0.086997
v -0.157561 -2.457040 0.109100
v -0.177414 -2.448711 0.123526
v -0.203330 -2.448711 0.123526
v -0.223183 -2.457040 0.109100
v -0.227683 -2.469801 0.086997
v -0.214725 -2.481024 0.067560
v -0.190372 -2.477588 -0.044590
v -0.190372 -2.414286 -0.062433
v -0.169886 -2.473860 -0.038133
v -0.180298 -2.412452 -0.059258
v -0.158985 -2.464420 -0.021782
v -0.174937 -2.407810 -0.051217
v -0.162771 -2.453685 -0.003188
v -0.176799 -2.402531 -0.042073
v -0.179472 -2.446677 0.008948
v -0.185012 -2.399086 -0.036105
v -0.201273 -2.446677 0.008948
v -0.195733 -2.399086 -0.036105
v -0.217974 -2.453685 -0.003188
v -0.203945 -2.402531 -0.042073
v -0.221759 -2.464420 -0.021782
v -0.205807 -2.407810 -0.051217
v -0.210859 -2.473860 -0.038133
v -0.200447 -2.412452 -0.059258
v -0.190372 -2.531735 -0.020275
v -0.166019 -2.527302 -0.012598
v -0.153061 -2.516081 0.006839
v -0.157561 -2.503319 0.028942
v -0.177414 -2.494990 0.043368
v -0.203330 -2.494990 0.043368
v -0.223183 -2.503319 0.028942
v -0.227683 -2.516081 0.006839
v -0.214725 -2.527302 -0.012598
v -0.190372 -2.526797 -0.129821
v -0.190372 -2.463495 -0.147665
v -0.169886 -2.523068 -0.123364
v -0.180298 -2.461661 -0.144489
v -0.158985 -2.513628 -0.107013
v -0.174937 -2.457018 -0.136448
v -0.162771 -2.502893 -0.088419
v -0.176799 -2.451739 -0.127305
v -0.179472 -2.495886 -0.076283
v -0.185012 -2.448294 -0.121336
v -0.201273 -2.495886 -0.076283
v -0.195733 -2.448294 -0.121336
v -0.217974 -2.502893 -0.088419
v -0.203945 -2.451739 -0.127305
v -0.221759 -2.513628 -0.107013
v -0.205807 -2.457018 -0.136448
v -0.210859 -2.523068 -0.123364
v -0.200447 -2.461661 -0.144489
v -0.190372 -2.580943 -0.105506
v -0.166019 -2.576511 -0.097830
v -0.153061 -2.565289 -0.078393
v -0.157561 -2.552528 -0.056290
v -0.177414 -2.544199 -0.041863
v -0.203330 -2.544199 -0.041863
v -0.223183 -2.552528 -0.056290
v -0.227683 -2.565289 -0.078393
v -0.214725 -2.576511 -0.097830
v -0.287381 -2.382101 0.120799
v -0.287381 -2.318799 0.102956
v -0.266895 -2.378372 0.127257
v -0.277307 -2.316966 0.106131
v -0.255994 -2.368932 0.143608
v -0.271946 -2.312323 0.114172
v -0.259780 -2.358197 0.162201
v -0.273808 -2.307044 0.123316
v -0.276481 -2.351191 0.174338
v -0.282021 -2.303598 0.129284
v -0.298282 -2.351191 0.174338
v -0.292742 -2.303598 0.129284
v -0.314983 -2.358197 0.162201
v -0.300955 -2.307044 0.123316
v -0.318768 -2.368932 0.143608
v -0.302816 -2.312323 0.114172
v -0.307868 -2.378372 0.127257
v -0.297456 -2.316966 0.106131
v -0.287381 -2.436247 0.145115
v -0.263028 -2.431815 0.152791
v -0.250070 -2.420593 0.172228
v -0.254570 -2.407832 0.194331
v -0.274423 -2.399503 0.208758
v -0.300339 -2.399503 0.208758
v -0.320192 -2.407832 0.194331
v -0.324692 -2.420593 0.172228
v -0.311734 -2.431815 0.152791
v -0.287381 -2.431309 0.035568
v -0.287381 -2.368007 0.017725
v -0.266895 -2.427580 0.042025
v -0.277307 -2.366174 0.020900
v -0.255994 -2.418140 0.058376
v -0.271946 -2.361531 0.028941
v -0.259780 -2.407405 0.076970
v -0.273808 -2.356252 0.038085
v -0.276481 -2.400399 0.089106
v -0.282021 -2.352806 0.044053
v -0.298282 -2.400399 0.089106
v -0.292742 -2.352806 0.044053
v -0.314983 -2.407405 0.076970
v -0.300955 -2.356252 0.038085
v -0.318768 -2.418140 0.058376
v -0.302816 -2.361531 0.028941
v -0.307868 -2.427580 0.042025
v -0.297456 -2.366174 0.020900
v -0.287381 -2.485455 0.059883
v -0.263028 -2.481024 0.067560
v -0.250070 -2.469801 0.086997
v -0.254570 -2.457040 0.109100
v -0.274423 -2.448711 0.123526
v -0.300339 -2.448711 0.123526
v -0.320192 -2.457040 0.109100
v -0.324692 -2.469801 0.086997
v -0.311734 -2.481024 0.067560
v -0.287381 -2.477588 -0.044590
v -0.287381 -2.414286 -0.062433
v -0.266895 -2.473860 -0.038133
v -0.277307 -2.412452 -0.059258
v -0.255994 -2.464420 -0.021782
v -0.271946 -2.407810 -0.051217
v -0.259780 -2.453685 -0.003188
v -0.273808 -2.402531 -0.042073
v -0.276481 -2.446677 0.008948
v -0.282021 -2.399086 -0.036105
v -0.298282 -2.446677 0.008948
v -0.292742 -2.399086 -0.036105
v -0.314983 -2.453685 -0.003188
v -0.300955 -2.402531 -0.042073
v -0.318768 -2.464420 -0.021782
v -0.302816 -2.407810 -0.051217
v -0.307868 -2.473860 -0.038133
v -0.297456 -2.412452 -0.059258
v -0.287381 -2.531735 -0.020275
v -0.263028 -2.527302 -0.012598
v -0.250070 -2.516081 0.006839
v -0.254570 -2.503319 0.028942
v -0.274423 -2.494990 0.043368
v -0.300339 -2.494990 0.043368
v -0.320192 -2.503319 0.028942
v -0.324692 -2.516081 0.006839
v -0.311734 -2.527302 -0.012598
v -0.287381 -2.526797 -0.129821
v -0.287381 -2.463495 -0.147665
v -0.266895 -2.523068 -0.123364
v -0.277307 -2.461661 -0.144489
v -0.255994 -2.513628 -0.107013
v -0.271946 -2.457018 -0.136448
v -0.259780 -2.502893 -0.088419
v -0.273808 -2.451739 -0.127305
v -0.276481 -2.495886 -0.076283
v -0.282021 -2.448294 -0.121336
v -0.298282 -2.495886 -0.076283
v -0.292742 -2.448294 -0.121336
v -0.314983 -2.502893 -0.088419
v -0.300955 -2.451739 -0.127305
v -0.318768 -2.513628 -0.107013
v -0.302816 -2.457018 -0.136448
v -0.307868 -2.523068 -0.123364
v -0.297456 -2.461661 -0.144489
v -0.287381 -2.580943 -0.105506
v -0.263028 -2.576511 -0.097830
v -0.250070 -2.565289 -0.078393
v -0.254570 -2.552528 -0.056290
v -0.274423 -2.544199 -0.041863
v -0.300339 -2.544199 -0.041863
v -0.320192 -2.552528 -0.056290
v -0.324692 -2.565289 -0.078393
v -0.311734 -2.576511 -0.097830
v -0.384390 -2.382101 0.120799
v -0.384390 -2.318799 0.102956
v -0.363904 -2.378372 0.127257
v -0.374316 -2.316966 0.106131
v -0.353003 -2.368932 0.143608
v -0.368955 -2.312323 0.114172
v -0.356789 -2.358197 0.162201
v -0.370817 -2.307044 0.123316
v -0.373490 -2.351191 0.174338
v -0.379030 -2.303598 0.129284
v -0.395291 -2.351191 0.174338
v -0.389751 -2.303598 0.129284
v -0.411992 -2.358197 0.162201
v -0.397964 -2.307044 0.123316
v -0.415778 -2.368932 0.143608
v -0.399825 -2.312323 0.114172
v -0.404877 -2.378372 0.127257
v -0.394465 -2.316966 0.106131
v -0.384390 -2.436247 0.145115
v -0.360037 -2.431815 0.152791
v -0.347079 -2.420593 0.172228
v -0.351579 -2.407832 0.194331
v -0.371432 -2.399503 0.208758
v -0.397348 -2.399503 0.208758
v -0.417201 -2.407832 0.194331
v -0.421702 -2.420593 0.172228
v -0.408743 -2.431815 0.152791
v -0.384390 -2.431309 0.035568
v -0.384390 -2.368007 0.017725
v -0.363904 -2.427580 0.042025
v -0.374316 -2.366174 0.020900
v -0.353003 -2.418140 0.058376
v -0.368955 -2.361531 0.028941
v -0.356789 -2.407405 0.076970
v -0.370817 -2.356252 0.038085
v -0.373490 -2.400399 0.089106
v -0.379030 -2.352806 0.044053
v -0.395291 -2.400399 0.089106
v -0.389751 -2.352806 0.044053
v -0.411992 -2.407405 0.076970
v -0.397964 -2.356252 0.038085
v -0.415778 -2.418140 0.058376
v -0.399825 -2.361531 0.028941
v -0.404877 -2.427580 0.042025
v -0.394465 -2.366174 0.020900
v -0.384390 -2.485455 0.059883
v -0.360037 -2.481024 0.067560
v -0.347079 -2.469801 0.086997
v -0.351579 -2.457040 0.109100
v -0.371432 -2.448711 0.123526
v -0.397348 -2.448711 0.123526
v -0.417201 -2.457040 0.109100
v -0.421702 -2.469801 0.086997
v -0.408743 -2.481024 0.067560
v -0.384390 -2.477588 -0.044590
v -0.384390 -2.414286 -0.062433
v -0.363904 -2.473860 -0.038133
v -0.374316 -2.412452 -0.059258
v -0.353003 -2.464420 -0.021782
v -0.368955 -2.407810 -0.051217
v -0.356789 -2.453685 -0.003188
v -0.370817 -2.402531 -0.042073
v -0.373490 -2.446677 0.008948
v -0.379030 -2.399086 -0.036105
v -0.395291 -2.446677 0.008948
v -0.389751 -2.399086 -0.036105
v -0.411992 -2.453685 -0.003188
v -0.397964 -2.402531 -0.042073
v -0.415778 -2.464420 -0.021782
v -0.399825 -2.407810 -0.051217
v -0.404877 -2.473860 -0.038133
v -0.394465 -2.412452 -0.059258
v -0.384390 -2.531735 -0.020275
v -0.360037 -2.527302 -0.012598
v -0.347079 -2.516081 0.006839
v -0.351579 -2.503319 0.028942
v -0.371432 -2.494990 0.043368
v -0.397348 -2.494990 0.043368
v -0.417201 -2.503319 0.028942
v -0.421702 -2.516081 0.006839
v -0.408743 -2.527302 -0.012598
v -0.384390 -2.526797 -0.129821
v -0.384390 -2.463495 -0.147665
v -0.363904 -2.523068 -0.123364
v -0.374316 -2.461661 -0.144489
v -0.353003 -2.513628 -0.107013
v -0.368955 -2.457018 -0.136448
v -0.356789 -2.502893 -0.088419
v -0.370817 -2.451739 -0.127305
v -0.373490 -2.495886 -0.076283
v -0.379030 -2.448294 -0.121336
v -0.395291 -2.495886 -0.076283
v -0.389751 -2.448294 -0.121336
v -0.411992 -2.502893 -0.088419
v -0.397964 -2.451739 -0.127305
v -0.415778 -2.513628 -0.107013
v -0.399825 -2.457018 -0.136448
v -0.404877 -2.523068 -0.123364
v -0.394465 -2.461661 -0.144489
v -0.384390 -2.580943 -0.105506
v -0.360037 -2.576511 -0.097830
v -0.347079 -2.565289 -0.078393
v -0.351579 -2.552528 -0.056290
v -0.371432 -2.544199 -0.041863
v -0.397348 -2.544199 -0.041863
v -0.417201 -2.552528 -0.056290
v -0.421702 -2.565289 -0.078393
v -0.408743 -2.576511 -0.097830
v -0.481399 -2.382101 0.120799
v -0.481399 -2.318799 0.102956
v -0.460913 -2.378372 0.127257
v -0.471325 -2.316966 0.106131
v -0.450012 -2.368932 0.143608
v -0.465964 -2.312323 0.114172
v -0.453798 -2.358197 0.162201
v -0.467826 -2.307044 0.123316
v -0.470499 -2.351191 0.174338
v -0.476039 -2.303598 0.129284
v -0.492300 -2.351191 0.174338
v -0.486760 -2.303598 0.129284
v -0.509001 -2.358197 0.162201
v -0.494973 -2.307044 0.123316
v -0.512787 -2.368932 0.143608
v -0.496834 -2.312323 0.114172
v -0.501886 -2.378372 0.127257
v -0.491474 -2.316966 0.106131
v -0.481399 -2.436247 0.145115
v -0.457046 -2.431815 0.152791
v -0.444088 -2.420593 0.172228
v -0.448589 -2.407832 0.194331
v -0.468441 -2.399503 0.208758
v -0.494357 -2.399503 0.208758
v -0.514210 -2.407832 0.194331
v -0.518711 -2.420593 0.172228
v -0.505753 -2.431815 0.152791
v -0.481399 -2.431309 0.035568
v -0.481399 -2.368007 0.017725
v -0.460913 -2.427580 0.042025
v -0.471325 -2.366174 0.020900
v -0.450012 -2.418140 0.058376
v -0.465964 -2.361531 0.028941
v -0.453798 -2.407405 0.076970
v -0.467826 -2.356252 0.038085
v -0.470499 -2.400399 0.089106
v -0.476039 -2.352806 0.044053
v -0.492300 -2.400399 0.089106
v -0.486760 -2.352806 0.044053
v -0.509001 -2.407405 0.076970
v -0.494973 -2.356252 0.038085
v -0.512787 -2.418140 0.058376
v -0.496834 -2.361531 0.028941
v -0.501886 -2.427580 0.042025
v -0.491474 -2.366174 0.020900
v -0.481399 -2.485455 0.059883
v -0.457046 -2.481024 0.067560
v -0.444088 -2.469801 0.086997
v -0.448589 -2.457040 0.109100
v -0.468441 -2.448711 0.123526
v -0.494357 -2.448711 0.123526
v -0.514210 -2.457040 0.109100
v -0.518711 -2.469801 0.086997
v -0.505753 -2.481024 0.067560
v -0.481399 -2.477588 -0.044590
v -0.481399 -2.414286 -0.062433
v -0.460913 -2.473860 -0.038133
v -0.471325 -2.412452 -0.059258
v -0.450012 -2.464420 -0.021782
v -0.465964 -2.407810 -0.051217
v -0.453798 -2.453685 -0.003188
v -0.467826 -2.402531 -0.042073
v -0.470499 -2.446677 0.008948
v -0.476039 -2.399086 -0.036105
v -0.492300 -2.446677 0.008948
v -0.486760 -2.399086 -0.036105
v -0.509001 -2.453685 -0.003188
v -0.494973 -2.402531 -0.042073
v -0.512787 -2.464420 -0.021782
v -0.496834 -2.407810 -0.051217
v -0.501886 -2.473860 -0.038133
v -0.491474 -2.412452 -0.059258
v -0.481399 -2.531735 -0.020275
v -0.457046 -2.527302 -0.012598
v -0.444088 -2.516081 0.006839
v -0.448589 -2.503319 0.028942
v -0.468441 -2.494990 0.043368
v -0.494357 -2.494990 0.043368
v -0.514210 -2.503319 0.028942
v -0.518711 -2.516081 0.006839
v -0.505753 -2.527302 -0.012598
v -0.481399 -2.526797 -0.129821
v -0.481399 -2.463495 -0.147665
v -0.460913 -2.523068 -0.123364
v -0.471325 -2.461661 -0.144489
v -0.450012 -2.513628 -0.107013
v -0.465964 -2.457018 -0.136448
v -0.453798 -2.502893 -0.088419
v -0.467826 -2.451739 -0.127305
v -0.470499 -2.495886 -0.076283
v -0.476039 -2.448294 -0.121336
v -0.492300 -2.495886 -0.076283
v -0.486760 -2.448294 -0.121336
v -0.509001 -2.502893 -0.088419
v -0.494973 -2.451739 -0.127305
v -0.512787 -2.513628 -0.107013
v -0.496834 -2.457018 -0.136448
v -0.501886 -2.523068 -0.123364
v -0.491474 -2.461661 -0.144489
v -0.481399 -2.580943 -0.105506
v -0.457046 -2.576511 -0.097830
v -0.444088 -2.565289 -0.078393
v -0.448589 -2.552528 -0.056290
v -0.468441 -2.544199 -0.041863
v -0.494357 -2.544199 -0.041863
v -0.514210 -2.552528 -0.056290
v -0.518711 -2.565289 -0.078393
v -0.505753 -2.576511 -0.097830
v -0.578408 -2.382101 0.120799
v -0.578408 -2.318799 0.102956
v -0.557922 -2.378372 0.127257
v -0.568334 -2.316966 0.106131
v -0.547021 -2.368932 0.143608
v -0.562973 -2.312323 0.114172
v -0.550807 -2.358197 0.162201
v -0.564835 -2.307044 0.123316
v -0.567508 -2.351191 0.174338
v -0.573048 -2.303598 0.129284
v -0.589309 -2.351191 0.174338
v -0.583769 -2.303598 0.129284
v -0.606010 -2.358197 0.162201
v -0.591982 -2.307044 0.123316
v -0.609796 -2.368932 0.143608
v -0.593843 -2.312323 0.114172
v -0.598895 -2.378372 0.127257
v -0.588483 -2.316966 0.106131
v -0.578408 -2.436247 0.145115
v -0.554055 -2.431815 0.152791
v -0.541097 -2.420593 0.172228
v -0.545598 -2.407832 0.194331
v -0.565450 -2.399503 0.208758
v -0.591366 -2.399503 0.208758
v -0.611219 -2.407832 0.194331
v -0.615720 -2.420593 0.172228
v -0.602762 -2.431815 0.152791
v -0.578408 -2.431309 0.035568
v -0.578408 -2.368007 0.017725
v -0.557922 -2.427580 0.042025
v -0.568334 -2.366174 0.020900
v -0.547021 -2.418140 0.058376
v -0.562973 -2.361531 0.028941
v -0.550807 -2.407405 0.076970
v -0.564835 -2.356252 0.038085
v -0.567508 -2.400399 0.089106
v -0.573048 -2.352806 0.044053
v -0.589309 -2.400399 0.089106
v -0.583769 -2.352806 0.044053
v -0.606010 -2.407405 0.076970
v -0.591982 -2.356252 0.038085
v -0.609796 -2.418140 0.058376
v -0.593843 -2.361531 0.028941
v -0.598895 -2.427580 0.042025
v -0.588483 -2.366174 0.020900
v -0.578408 -2.485455 0.059883
v -0.554055 -2.481024 0.067560
v -0.541097 -2.469801 0.086997
v -0.545598 -2.457040 0.109100
v -0.565450 -2.448711 0.123526
v -0.591366 -2.448711 0.123526
v -0.611219 -2.457040 0.109100
v -0.615720 -2.469801 0.086997
v -0.602762 -2.481024 0.067560
v -0.578408 -2.477588 -0.044590
v -0.578408 -2.414286 -0.062433
v -0.557922 -2.473860 -0.038133
v -0.568334 -2.412452 -0.059258
v -0.547021 -2.464420 -0.021782
v -0.562973 -2.407810 -0.051217
v -0.550807 -2.453685 -0.003188
v -0.564835 -2.402531 -0.042073
v -0.567508 -2.446677 0.008948
v -0.573048 -2.399086 -0.036105
v -0.589309 -2.446677 0.008948
v -0.583769 -2.399086 -0.036105
v -0.606010 -2.453685 -0.003188
v -0.591982 -2.402531 -0.042073
v -0.609796 -2.464420 -0.021782
v -0.593843 -2.407810 -0.051217
v -0.598895 -2.473860 -0.038133
v -0.588483 -2.412452 -0.059258
v -0.578408 -2.531735 -0.020275
v -0.554055 -2.527302 -0.012598
v -0.541097 -2.516081 0.006839
v -0.545598 -2.503319 0.028942
v -0.565450 -2.494990 0.043368
v -0.591366 -2.494990 0.043368
v -0.611219 -2.503319 0.028942
v -0.615720 -2.516081 0.006839
v -0.602762 -2.527302 -0.012598
v -0.578408 -2.526797 -0.129821
v -0.578408 -2.463495 -0.147665
v -0.557922 -2.523068 -0.123364
v -0.568334 -2.461661 -0.144489
v -0.547021 -2.513628 -0.107013
v -0.562973 -2.457018 -0.136448
v -0.550807 -2.502893 -0.088419
v -0.564835 -2.451739 -0.127305
v -0.567508 -2.495886 -0.076283
v -0.573048 -2.448294 -0.121336
v -0.589309 -2.495886 -0.076283
v -0.583769 -2.448294 -0.121336
v -0.606010 -2.502893 -0.088419
v -0.591982 -2.451739 -0.127305
v -0.609796 -2.513628 -0.107013
v -0.593843 -2.457018 -0.136448
v -0.598895 -2.523068 -0.123364
v -0.588483 -2.461661 -0.144489
v -0.578408 -2.580943 -0.105506
v -0.554055 -2.576511 -0.097830
v -0.541097 -2.565289 -0.078393
v -0.545598 -2.552528 -0.056290
v -0.565450 -2.544199 -0.041863
v -0.591366 -2.544199 -0.041863
v -0.611219 -2.552528 -0.056290
v -0.615720 -2.565289 -0.078393
v -0.602762 -2.576511 -0.097830
v -0.675418 -2.382101 0.120799
v -0.675418 -2.318799 0.102956
v -0.654931 -2.378372 0.127257
v -0.665343 -2.316966 0.106131
v -0.644030 -2.368932 0.143608
v -0.659983 -2.312323 0.114172
v -0.647816 -2.358197 0.162201
v -0.661844 -2.307044 0.123316
v -0.664517 -2.351191 0.174338
v -0.670057 -2.303598 0.129284
v -0.686318 -2.351191 0.174338
v -0.680778 -2.303598 0.129284
v -0.703019 -2.358197 0.162201
v -0.688991 -2.307044 0.123316
v -0.706805 -2.368932 0.143608
v -0.690853 -2.312323 0.114172
v -0.695904 -2.378372 0.127257
v -0.685492 -2.316966 0.106131
v -0.675418 -2.436247 0.145115
v -0.651064 -2.431815 0.152791
v -0.638106 -2.420593 0.172228
v -0.642607 -2.407832 0.194331
v -0.662460 -2.399503 0.208758
v -0.688376 -2.399503 0.208758
v -0.708228 -2.407832 0.194331
v -0.712729 -2.420593 0.172228
v -0.699771 -2.431815 0.152791
v -0.675418 -2.431309 0.035568
v -0.675418 -2.368007 0.017725
v -0.654931 -2.427580 0.042025
v -0.665343 -2.366174 0.020900
v -0.644030 -2.418140 0.058376
v -0.659983 -2.361531 0.028941
v -0.647816 -2.407405 0.076970
v -0.661844 -2.356252 0.038085
v -0.664517 -2.400399 0.089106
v -0.670057 -2.352806 0.044053
v -0.686318 -2.400399 0.089106
v -0.680778 -2.352806 0.044053
v -0.703019 -2.407405 0.076970
v -0.688991 -2.356252 0.038085
v -0.706805 -2.418140 0.058376
v -0.690853 -2.361531 0.028941
v -0.695904 -2.427580 0.042025
v -0.685492 -2.366174 0.020900
v -0.675418 -2.485455 0.059883
v -0.651064 -2.481024 0.067560
v -0.638106 -2.469801 0.086997
v -0.642607 -2.457040 0.109100
v -0.662460 -2.448711 0.123526
v -0.688376 -2.448711 0.123526
v -0.708228 -2.457040 0.109100
v -0.712729 -2.469801 0.086997
v -0.699771 -2.481024 0.067560
v -0.675418 -2.477588 -0.044590
v -0.675418 -2.414286 -0.062433
v -0.654931 -2.473860 -0.038133
v -0.665343 -2.412452 -0.059258
v -0.644030 -2.464420 -0.021782
v -0.659983 -2.407810 -0.051217
v -0.647816 -2.453685 -0.003188
v -0.661844 -2.402531 -0.042073
v -0.664517 -2.446677 0.008948
v -0.670057 -2.399086 -0.036105
v -0.686318 -2.446677 0.008948
v -0.680778 -2.399086 -0.036105
v -0.703019 -2.453685 -0.003188
v -0.688991 -2.402531 -0.042073
v -0.706805 -2.464420 -0.021782
v -0.690853 -2.407810 -0.051217
v -0.695904 -2.473860 -0.038133
v -0.685492 -2.412452 -0.059258
v -0.675418 -2.531735 -0.020275
v -0.651064 -2.527302 -0.012598
v -0.638106 -2.516081 0.006839
v -0.642607 -2.503319 0.028942
v -0.662460 -2.494990 0.043368
v -0.688376 -2.494990 0.043368
v -0.708228 -2.503319 0.028942
v -0.712729 -2.516081 0.006839
v -0.699771 -2.527302 -0.012598
v -0.675418 -2.526797 -0.129821
v -0.675418 -2.463495 -0.147665
v -0.654931 -2.523068 -0.123364
v -0.665343 -2.461661 -0.144489
v -0.644030 -2.513628 -0.107013
v -0.659983 -2.457018 -0.136448
v -0.647816 -2.502893 -0.088419
v -0.661844 -2.451739 -0.127305
v -0.664517 -2.495886 -0.076283
v -0.670057 -2.448294 -0.121336
v -0.686318 -2.495886 -0.076283
v -0.680778 -2.448294 -0.121336
v -0.703019 -2.502893 -0.088419
v -0.688991 -2.451739 -0.127305
v -0.706805 -2.513628 -0.107013
v -0.690853 -2.457018 -0.136448
v -0.695904 -2.523068 -0.123364
v -0.685492 -2.461661 -0.144489
v -0.675418 -2.580943 -0.105506
v -0.651064 -2.576511 -0.097830
v -0.638106 -2.565289 -0.078393
v -0.642607 -2.552528 -0.056290
v -0.662460 -2.544199 -0.041863
v -0.688376 -2.544199 -0.041863
v -0.708228 -2.552528 -0.056290
v -0.712729 -2.565289 -0.078393
v -0.699771 -2.576511 -0.097830
v -0.772427 -2.382101 0.120799
v -0.772427 -2.318799 0.102956
v -0.751940 -2.378372 0.127257
v -0.762352 -2.316966 0.106131
v -0.741039 -2.368932 0.143608
v -0.756992 -2.312323 0.114172
v -0.744825 -2.358197 0.162201
v -0.758853 -2.307044 0.123316
v -0.761526 -2.351191 0.174338
v -0.767066 -2.303598 0.129284
v -0.783327 -2.351191 0.174338
v -0.777787 -2.303598 0.129284
v -0.800028 -2.358197 0.162201
v -0.786000 -2.307044 0.123316
v -0.803814 -2.368932 0.143608
v -0.787862 -2.312323 0.114172
v -0.792913 -2.378372 0.127257
v -0.782501 -2.316966 0.106131
v -0.772427 -2.436247 0.145115
v -0.748074 -2.431815 0.152791
v -0.735115 -2.420593 0.172228
v -0.739616 -2.407832 0.194331
v -0.759469 -2.399503 0.208758
v -0.785385 -2.399503 0.208758
v -0.805238 -2.407832 0.194331
v -0.809738 -2.420593 0.172228
v -0.796780 -2.431815 0.152791
v -0.772427 -2.431309 0.035568
v -0.772427 -2.368007 0.017725
v -0.751940 -2.427580 0.042025
v -0.762352 -2.366174 0.020900
v -0.741039 -2.418140 0.058376
v -0.756992 -2.361531 0.028941
v -0.744825 -2.407405 0.076970
v -0.758853 -2.356252 0.038085
v -0.761526 -2.400399 0.089106
v -0.767066 -2.352806 0.044053
v -0.783327 -2.400399 0.089106
v -0.777787 -2.352806 0.044053
v -0.800028 -2.407405 0.076970
v -0.786000 -2.356252 0.038085
v -0.803814 -2.418140 0.058376
v -0.787862 -2.361531 0.028941
v -0.792913 -2.427580 0.042025
v -0.782501 -2.366174 0.020900
v -0.772427 -2.485455 0.059883
v -0.748074 -2.481024 0.067560
v -0.735115 -2.469801 0.086997
v -0.739616 -2.457040 0.109100
v -0.759469 -2.448711 0.123526
v -0.785385 -2.448711 0.123526
v -0.805238 -2.457040 0.109100
v -0.809738 -2.469801 0.086997
v -0.796780 -2.481024 0.067560
v -0.772427 -2.477588 -0.044590
v -0.772427 -2.414286 -0.062433
v -0.751940 -2.473860 -0.038133
v -0.762352 -2.412452 -0.059258
v -0.741039 -2.464420 -0.021782
v -0.756992 -2.407810 -0.051217
v -0.744825 -2.453685 -0.003188
v -0.758853 -2.402531 -0.042073
v -0.761526 -2.446677 0.008948
v -0.767066 -2.399086 -0.036105
v -0.783327 -2.446677 0.008948
v -0.777787 -2.399086 -0.036105
v -0.800028 -2.453685 -0.003188
v -0.786000 -2.402531 -0.042073
v -0.803814 -2.464420 -0.021782
v -0.787862 -2.407810 -0.051217
v -0.792913 -2.473860 -0.038133
v -0.782501 -2.412452 -0.059258
v -0.772427 -2.531735 -0.020275
v -0.748074 -2.527302 -0.012598
v -0.735115 -2.516081 0.006839
v -0.739616 -2.503319 0.028942
v -0.759469 -2.494990 0.043368
v -0.785385 -2.494990 0.043368
v -0.805238 -2.503319 0.028942
v -0.809738 -2.516081 0.006839
v -0.796780 -2.527302 -0.012598
v -0.772427 -2.526797 -0.129821
v -0.772427 -2.463495 -0.147665
v -0.751940 -2.523068 -0.123364
v -0.762352 -2.461661 -0.144489
v -0.741039 -2.513628 -0.107013
v -0.756992 -2.457018 -0.136448
v -0.744825 -2.502893 -0.088419
v -0.758853 -2.451739 -0.127305
v -0.761526 -2.495886 -0.076283
v -0.767066 -2.448294 -0.121336
v -0.783327 -2.495886 -0.076283
v -0.777787 -2.448294 -0.121336
v -0.800028 -2.502893 -0.088419
v -0.786000 -2.451739 -0.127305
v -0.803814 -2.513628 -0.107013
v -0.787862 -2.457018 -0.136448
v -0.792913 -2.523068 -0.123364
v -0.782501 -2.461661 -0.144489
v -0.772427 -2.580943 -0.105506
v -0.748074 -2.576511 -0.097830
v -0.735115 -2.565289 -0.078393
v -0.739616 -2.552528 -0.056290
v -0.759469 -2.544199 -0.041863
v -0.785385 -2.544199 -0.041863
v -0.805238 -2.552528 -0.056290
v -0.809738 -2.565289 -0.078393
v -0.796780 -2.576511 -0.097830
v -0.869436 -2.382101 0.120799
v -0.869436 -2.318799 0.102956
v -0.848949 -2.378372 0.127257
v -0.859361 -2.316966 0.106131
v -0.838048 -2.368932 0.143608
v -0.854001 -2.312323 0.114172
v -0.841834 -2.358197 0.162201
v -0.855862 -2.307044 0.123316
v -0.858535 -2.351191 0.174338
v -0.864075 -2.303598 0.129284
v -0.880336 -2.351191 0.174338
v -0.874796 -2.303598 0.129284
v -0.897037 -2.358197 0.162201
v -0.883009 -2.307044 0.123316
v -0.900823 -2.368932 0.143608
v -0.884871 -2.312323 0.114172
v -0.889922 -2.378372 0.127257
v -0.879510 -2.316966 0.106131
v -0.869436 -2.436247 0.145115
v -0.845083 -2.431815 0.152791
v -0.832125 -2.420593 0.172228
v -0.836625 -2.407832 0.194331
v -0.856478 -2.399503 0.208758
v -0.882394 -2.399503 0.208758
v -0.902247 -2.407832 0.194331
v -0.906747 -2.420593 0.172228
v -0.893789 -2.431815 0.152791
v -0.869436 -2.431309 0.035568
v -0.869436 -2.368007 0.017725
v -0.848949 -2.427580 0.042025
v -0.859361 -2.366174 0.020900
v -0.838048 -2.418140 0.058376
v -0.854001 -2.361531 0.028941
v -0.841834 -2.407405 0.076970
v -0.855862 -2.356252 0.038085
v -0.858535 -2.400399 0.089106
v -0.864075 -2.352806 0.044053
v -0.880336 -2.400399 0.089106
v -0.874796 -2.352806 0.044053
v -0.897037 -2.407405 0.076970
v -0.883009 -2.356252 0.038085
v -0.900823 -2.418140 0.058376
v -0.884871 -2.361531 0.028941
v -0.889922 -2.427580 0.042025
v -0.879510 -2.366174 0.020900
v -0.869436 -2.485455 0.059883
v -0.845083 -2.481024 0.067560
v -0.832125 -2.469801 0.086997
v -0.836625 -2.457040 0.109100
v -0.856478 -2.448711 0.123526
v -0.882394 -2.448711 0.123526
v -0.902247 -2.457040 0.109100
v -0.906747 -2.469801 0.086997
v -0.893789 -2.481024 0.067560
v -0.869436 -2.477588 -0.044590
v -0.869436 -2.414286 -0.062433
v -0.848949 -2.473860 -0.038133
v -0.859361 -2.412452 -0.059258
v -0.838048 -2.464420 -0.021782
v -0.854001 -2.407810 -0.051217
v -0.841834 -2.453685 -0.003188
v -0.855862 -2.402531 -0.042073
v -0.858535 -2.446677 0.008948
v -0.864075 -2.399086 -0.036105
v -0.880336 -2.446677 0.008948
v -0.874796 -2.399086 -0.036105
v -0.897037 -2.453685 -0.003188
v -0.883009 -2.402531 -0.042073
v -0.900823 -2.464420 -0.021782
v -0.884871 -2.407810 -0.051217
v -0.889922 -2.473860 -0.038133
v -0.879510 -2.412452 -0.059258
v -0.869436 -2.531735 -0.020275
v -0.845083 -2.527302 -0.012598
v -0.832125 -2.516081 0.006839
v -0.836625 -2.503319 0.028942
v -0.856478 -2.494990 0.043368
v -0.882394 -2.494990 0.043368
v -0.902247 -2.503319 0.028942
v -0.906747 -2.516081 0.006839
v -0.893789 -2.527302 -0.012598
v -0.869436 -2.526797 -0.129821
v -0.869436 -2.463495 -0.147665
v -0.848949 -2.523068 -0.123364
v -0.859361 -2.461661 -0.144489
v -0.838048 -2.513628 -0.107013
v -0.854001 -2.457018 -0.136448
v -0.841834 -2.502893 -0.088419
v -0.855862 -2.451739 -0.127305
v -0.858535 -2.495886 -0.076283
v -0.864075 -2.448294 -0.121336
v -0.880336 -2.495886 -0.076283
v -0.874796 -2.448294 -0.121336
v -0.897037 -2.502893 -0.088419
v -0.883009 -2.451739 -0.127305
v -0.900823 -2.513628 -0.107013
v -0.884871 -2.457018 -0.136448
v -0.889922 -2.523068 -0.123364
v -0.879510 -2.461661 -0.144489
v -0.869436 -2.580943 -0.105506
v -0.845083 -2.576511 -0.097830
v -0.832125 -2.565289 -0.078393
v -0.836625 -2.552528 -0.056290
v -0.856478 -2.544199 -0.041863
v -0.882394 -2.544199 -0.041863
v -0.902247 -2.552528 -0.056290
v -0.906747 -2.565289 -0.078393
v -0.893789 -2.576511 -0.097830
v -0.966445 -2.382101 0.120799
v -0.966445 -2.318799 0.102956
v -0.945958 -2.378372 0.127257
v -0.956370 -2.316966 0.106131
v -0.935058 -2.368932 0.143608
v -0.951010 -2.312323 0.114172
v -0.938843 -2.358197 0.162201
v -0.952872 -2.307044 0.123316
v -0.955544 -2.351191 0.174338
v -0.961084 -2.303598 0.129284
v -0.977345 -2.351191 0.174338
v -0.971805 -2.303598 0.129284
v -0.994046 -2.358197 0.162201
v -0.980018 -2.307044 0.123316
v -0.997832 -2.368932 0.143608
v -0.981880 -2.312323 0.114172
v -0.986931 -2.378372 0.127257
v -0.976519 -2.316966 0.106131
v -0.966445 -2.436247 0.145115
v -0.942092 -2.431815 0.152791
v -0.929134 -2.420593 0.172228
v -0.933634 -2.407832 0.194331
v -0.953487 -2.399503 0.208758
v -0.979403 -2.399503 0.208758
v -0.999256 -2.407832 0.194331
v -1.003756 -2.420593 0.172228
v -0.990798 -2.431815 0.152791
v -0.966445 -2.431309 0.035568
v -0.966445 -2.368007 0.017725
v -0.945958 -2.427580 0.042025
v -0.956370 -2.366174 0.020900
v -0.935058 -2.418140 0.058376
v -0.951010 -2.361531 0.028941
v -0.938843 -2.407405 0.076970
v -0.952872 -2.356252 0.038085
v -0.955544 -2.400399 0.089106
v -0.961084 -2.352806 0.044053
v -0.977345 -2.400399 0.089106
v -0.971805 -2.352806 0.044053
v -0.994046 -2.407405 0.076970
v -0.980018 -2.356252 0.038085
v -0.997832 -2.418140 0.058376
v -0.981880 -2.361531 0.028941
v -0.986931 -2.427580 0.042025
v -0.976519 -2.366174 0.020900
v -0.966445 -2.485455 0.059883
v -0.942092 -2.481024 0.067560
v -0.929134 -2.469801 0.086997
v -0.933634 -2.457040 0.109100
v -0.953487 -2.448711 0.123526
v -0.979403 -2.448711 0.123526
v -0.999256 -2.457040 0.109100
v -1.003756 -2.469801 0.086997
v -0.990798 -2.481024 0.067560
v -0.966445 -2.477588 -0.044590
v -0.966445 -2.414286 -0.062433
v -0.945958 -2.473860 -0.038133
v -0.956370 -2.412452 -0.059258
v -0.935058 -2.464420 -0.021782
v -0.951010 -2.407810 -0.051217
v -0.938843 -2.453685 -0.003188
v -0.952872 -2.402531 -0.042073
v -0.955544 -2.446677 0.008948
v -0.961084 -2.399086 -0.036105
v -0.977345 -2.446677 0.008948
v -0.971805 -2.399086 -0.036105
v -0.994046 -2.453685 -0.003188
v -0.980018 -2.402531 -0.042073
v -0.997832 -2.464420 -0.021782
v -0.981880 -2.407810 -0.051217
v -0.986931 -2.473860 -0.038133
v -0.976519 -2.412452 -0.059258
v -0.966445 -2.531735 -0.020275
v -0.942092 -2.527302 -0.012598
v -0.929134 -2.516081 0.006839
v -0.933634 -2.503319 0.028942
v -0.953487 -2.494990 0.043368
v -0.979403 -2.494990 0.043368
v -0.999256 -2.503319 0.028942
v -1.003756 -2.516081 0.006839
v -0.990798 -2.527302 -0.012598
v -0.966445 -2.526797 -0.129821
v -0.966445 -2.463495 -0.147665
v -0.945958 -2.523068 -0.123364
v -0.956370 -2.461661 -0.144489
v -0.935058 -2.513628 -0.107013
v -0.951010 -2.457018 -0.136448
v -0.938843 -2.502893 -0.088419
v -0.952872 -2.451739 -0.127305
v -0.955544 -2.495886 -0.076283
v -0.961084 -2.448294 -0.121336
v -0.977345 -2.495886 -0.076283
v -0.971805 -2.448294 -0.121336
v -0.994046 -2.502893 -0.088419
v -0.980018 -2.451739 -0.127305
v -0.997832 -2.513628 -0.107013
v -0.981880 -2.457018 -0.136448
v -0.986931 -2.523068 -0.123364
v -0.976519 -2.461661 -0.144489
v -0.966445 -2.580943 -0.105506
v -0.942092 -2.576511 -0.097830
v -0.929134 -2.565289 -0.078393
v -0.933634 -2.552528 -0.056290
v -0.953487 -2.544199 -0.041863
v -0.979403 -2.544199 -0.041863
v -0.999256 -2.552528 -0.056290
v -1.003756 -2.565289 -0.078393
v -0.990798 -2.576511 -0.097830
v 0.000000 -2.267500 0.000293
v 0.000000 2.285245 0.065323
v -0.012744 -2.268127 -0.000794
v -0.012744 2.285245 0.064068
v -0.024998 -2.269986 -0.004013
v -0.024998 2.285245 0.060351
v -0.036292 -2.273005 -0.009241
v -0.036292 2.285245 0.054314
v -0.046190 -2.277066 -0.016276
v -0.046190 2.285245 0.046190
v -0.054314 -2.282016 -0.024849
v -0.054314 2.285245 0.036292
v -0.060351 -2.287663 -0.034629
v -0.060351 2.285245 0.024998
v -0.064068 -2.293790 -0.045242
v -0.064068 2.285245 0.012744
v -0.065323 -2.300162 -0.056278
v -0.065323 2.285245 0.000000
v -0.064068 -2.306534 -0.067315
v -0.064068 2.285245 -0.012744
v -0.060351 -2.312661 -0.077927
v -0.060351 2.285245 -0.024998
v -0.054314 -2.318307 -0.087708
v -0.054314 2.285245 -0.036292
v -0.046190 -2.323257 -0.096280
v -0.046190 2.285245 -0.046190
v -0.036292 -2.327319 -0.103316
v -0.036292 2.285245 -0.054314
v -0.024998 -2.330337 -0.108543
v -0.024998 2.285245 -0.060351
v -0.012744 -2.332196 -0.111763
v -0.012744 2.285245 -0.064068
v 0.000000 -2.332823 -0.112850
v 0.000000 2.285245 -0.065323
v 0.012744 -2.332196 -0.111763
v 0.012744 2.285245 -0.064068
v 0.024998 -2.330337 -0.108543
v 0.024998 2.285245 -0.060351
v 0.036292 -2.327319 -0.103316
v 0.036292 2.285245 -0.054314
v 0.046190 -2.323257 -0.096280
v 0.046190 2.285245 -0.046190
v 0.054314 -2.318307 -0.087708
v 0.054314 2.285245 -0.036292
v 0.060351 -2.312661 -0.077927
v 0.060351 2.285245 -0.024998
v 0.064068 -2.306534 -0.067315
v 0.064068 2.285245 -0.012744
v 0.065323 -2.300162 -0.056278
v 0.065323 2.285245 0.000000
v 0.064068 -2.293790 -0.045242
v 0.064068 2.285245 0.012744
v 0.060351 -2.287663 -0.034629
v 0.060351 2.285245 0.024998
v 0.054314 -2.282016 -0.024849
v 0.054314 2.285245 0.036292
v 0.046190 -2.277066 -0.016276
v 0.046190 2.285245 0.046190
v 0.036292 -2.273005 -0.009241
v 0.036292 2.285245 0.054314
v 0.024998 -2.269986 -0.004013
v 0.024998 2.285245 0.060351
v 0.012744 -2.268127 -0.000794
v 0.012744 2.285245 0.064068
v 0.000000 2.287600 0.074116
v -0.000000 2.290767 0.076484
v -0.014921 2.290767 0.075014
v -0.014459 2.287600 0.072692
v -0.029269 2.290767 0.070662
v -0.028363 2.287600 0.068474
v -0.042492 2.290767 0.063594
v -0.041177 2.287600 0.061625
v -0.054082 2.290767 0.054082
v -0.052408 2.287600 0.052408
v -0.063594 2.290767 0.042492
v -0.061625 2.287600 0.041177
v -0.070662 2.290767 0.029269
v -0.068474 2.287600 0.028363
v -0.075014 2.290767 0.014921
v -0.072692 2.287600 0.014459
v -0.076484 2.290767 -0.000000
v -0.074116 2.287600 -0.000000
v -0.075014 2.290767 -0.014921
v -0.072692 2.287600 -0.014459
v -0.070662 2.290767 -0.029269
v -0.068474 2.287600 -0.028363
v -0.063594 2.290767 -0.042492
v -0.061625 2.287600 -0.041177
v -0.054082 2.290767 -0.054082
v -0.052408 2.287600 -0.052408
v -0.042492 2.290767 -0.063594
v -0.041177 2.287600 -0.061625
v -0.029269 2.290767 -0.070662
v -0.028363 2.287600 -0.068474
v -0.014921 2.290767 -0.075014
v -0.014459 2.287600 -0.072692
v -0.000000 2.290767 -0.076484
v 0.000000 2.287600 -0.074116
v 0.014921 2.290767 -0.075014
v 0.014459 2.287600 -0.072692
v 0.029269 2.290767 -0.070662
v 0.028363 2.287600 -0.068474
v 0.042492 2.290767 -0.063594
v 0.041177 2.287600 -0.061625
v 0.054082 2.290767 -0.054082
v 0.052408 2.287600 -0.052408
v 0.063594 2.290767 -0.042492
v 0.061625 2.287600 -0.041177
v 0.070662 2.290767 -0.029269
v 0.068474 2.287600 -0.028363
v 0.075014 2.290767 -0.014921
v 0.072692 2.287600 -0.014459
v 0.076484 2.290767 -0.000000
v 0.074116 2.287600 -0.000000
v 0.075014 2.290767 0.014921
v 0.072692 2.287600 0.014459
v 0.070662 2.290767 0.029269
v 0.068474 2.287600 0.028363
v 0.063594 2.290767 0.042492
v 0.061625 2.287600 0.041177
v 0.054082 2.290767 0.054082
v 0.052408 2.287600 0.052408
v 0.042492 2.290767 0.063594
v 0.041177 2.287600 0.061625
v 0.029269 2.290767 0.070662
v 0.028363 2.287600 0.068474
v 0.014921 2.290767 0.075014
v 0.014459 2.287600 0.072692
v -0.000001 2.406792 0.057795
v -0.011494 2.406792 0.056663
v -0.022547 2.406792 0.053310
v -0.032732 2.406792 0.047866
v -0.041660 2.406792 0.040539
v -0.048987 2.406792 0.031611
v -0.054431 2.406792 0.021425
v -0.058916 2.406792 -0.001121
v -0.057784 2.406792 -0.012614
v -0.048987 2.406792 -0.033852
v -0.041660 2.406792 -0.042780
v -0.032732 2.406792 -0.050107
v -0.022547 2.406792 -0.055552
v -0.011494 2.406792 -0.058904
v -0.000001 2.406792 -0.060036
v 0.011493 2.406792 -0.058904
v 0.022546 2.406792 -0.055552
v 0.032731 2.406792 -0.050107
v 0.041659 2.406792 -0.042780
v 0.048986 2.406792 -0.033852
v 0.057783 2.406792 -0.012614
v 0.058915 2.406792 -0.001121
v 0.054430 2.406792 0.021425
v 0.048986 2.406792 0.031611
v 0.041659 2.406792 0.040539
v 0.032731 2.406792 0.047866
v 0.022546 2.406792 0.053310
v 0.011493 2.406792 0.056663
v -0.055119 2.548848 -0.001121
v -0.058916 2.536171 -0.001121
v -0.054059 2.548848 -0.012543
v -0.057784 2.536171 -0.012614
v 0.054058 2.548848 -0.012543
v 0.057783 2.536171 -0.012614
v 0.055117 2.548848 -0.001121
v 0.058915 2.536171 -0.001121
v -0.046357 2.406792 0.014090
v -0.057824 2.406792 0.009964
v -0.058185 2.405838 0.010453
v -0.057665 2.406792 0.010766
v -0.054554 2.406792 -0.023262
v -0.043648 2.406792 -0.027384
v -0.054238 2.406792 -0.024028
v -0.054809 2.405838 -0.023823
v 0.043647 2.406792 -0.027384
v 0.054553 2.406792 -0.023262
v 0.054808 2.405838 -0.023823
v 0.054237 2.406792 -0.024028
v 0.057823 2.406792 0.009964
v 0.046356 2.406792 0.014090
v 0.057664 2.406792 0.010766
v 0.058184 2.405838 0.010453
v -0.021985 2.561903 -0.027384
v -0.027236 2.565923 -0.023260
v 0.021984 2.561903 -0.027384
v 0.027235 2.565923 -0.023260
v -0.023340 2.561902 0.014090
v -0.028872 2.565923 0.009964
v 0.023339 2.561902 0.014090
v 0.028871 2.565923 0.009964
v -0.043654 2.545056 0.014090
v -0.054091 2.549056 0.009964
v -0.046357 2.533496 0.014090
v -0.057824 2.536171 0.009964
v -0.043648 2.533564 -0.027384
v -0.054554 2.536171 -0.023262
v -0.041092 2.545079 -0.027384
v -0.050999 2.549077 -0.023261
v 0.041091 2.545079 -0.027384
v 0.050998 2.549077 -0.023261
v 0.043647 2.533564 -0.027384
v 0.054553 2.536171 -0.023262
v 0.046356 2.533496 0.014090
v 0.057823 2.536171 0.009964
v 0.043653 2.545056 0.014090
v 0.054090 2.549056 0.009964
v -0.004542 2.567538 -0.027384
v -0.005623 2.571560 -0.023260
v 0.004541 2.567538 -0.027384
v 0.005622 2.571560 -0.023260
v 0.004541 2.567622 0.014090
v 0.005622 2.571643 0.009964
v -0.004542 2.567622 0.014090
v -0.005623 2.571643 0.009964
v 0.018503 2.465266 0.014090
v 0.006497 2.458749 0.014090
v 0.012745 2.461233 0.014090
v -0.000000 2.457910 0.014090
v -0.030770 2.484854 0.014090
v -0.030770 2.518259 0.014090
v -0.027692 2.477309 0.014090
v -0.023550 2.470694 0.014090
v -0.032665 2.493042 0.014090
v -0.032665 2.510072 0.014090
v -0.033305 2.501557 0.014090
v -0.006498 2.458749 0.014090
v -0.012745 2.461233 0.014090
v -0.018503 2.465266 0.014090
v 0.033305 2.501557 0.014090
v 0.032665 2.493042 0.014090
v 0.032665 2.510072 0.014090
v 0.030770 2.484854 0.014090
v 0.027692 2.477309 0.014090
v 0.027692 2.525805 0.014090
v 0.023550 2.532419 0.014090
v 0.023550 2.470694 0.014090
v 0.030770 2.518259 0.014090
v 0.012745 2.541880 0.014090
v 0.018503 2.537847 0.014090
v -0.006498 2.544364 0.014090
v -0.000000 2.545203 0.014090
v 0.006497 2.544364 0.014090
v -0.027692 2.525805 0.014090
v -0.023550 2.532419 0.014090
v -0.018503 2.537847 0.014090
v -0.012745 2.541880 0.014090
v 0.033305 2.501557 -0.027384
v 0.032665 2.510072 -0.027384
v 0.032665 2.493042 -0.027384
v 0.030770 2.518259 -0.027384
v 0.030770 2.484854 -0.027384
v 0.027692 2.477309 -0.027384
v 0.023550 2.470694 -0.027384
v -0.018503 2.465266 -0.027384
v -0.006498 2.458749 -0.027384
v -0.012745 2.461233 -0.027384
v -0.000000 2.457910 -0.027384
v 0.006497 2.458749 -0.027384
v 0.012745 2.461233 -0.027384
v 0.018503 2.465266 -0.027384
v 0.027692 2.525805 -0.027384
v 0.023550 2.532419 -0.027384
v 0.018503 2.537847 -0.027384
v 0.012745 2.541880 -0.027384
v -0.018503 2.537847 -0.027384
v -0.012745 2.541880 -0.027384
v 0.006497 2.544364 -0.027384
v -0.000000 2.545203 -0.027384
v -0.006498 2.544364 -0.027384
v -0.023550 2.532419 -0.027384
v -0.023550 2.470694 -0.027384
v -0.030770 2.484854 -0.027384
v -0.027692 2.525805 -0.027384
v -0.027692 2.477309 -0.027384
v -0.032665 2.493042 -0.027384
v -0.032665 2.510072 -0.027384
v -0.030770 2.518259 -0.027384
v -0.033305 2.501557 -0.027384
v -0.000000 2.394396 0.076484
v -0.014922 2.394396 0.075014
v -0.029270 2.394396 0.070662
v -0.042493 2.394396 0.063594
v -0.054083 2.394396 0.054082
v -0.063594 2.394396 0.042492
v -0.070662 2.394396 0.029269
v -0.075015 2.394396 0.014921
v -0.076484 2.394396 -0.000000
v -0.075015 2.394396 -0.014921
v -0.070662 2.394396 -0.029269
v -0.063594 2.394396 -0.042492
v -0.054083 2.394396 -0.054082
v -0.042493 2.394396 -0.063594
v -0.029270 2.394396 -0.070662
v -0.014922 2.394396 -0.075014
v -0.000000 2.394396 -0.076484
v 0.014921 2.394396 -0.075014
v 0.029269 2.394396 -0.070662
v 0.042492 2.394396 -0.063594
v 0.054082 2.394396 -0.054082
v 0.063594 2.394396 -0.042492
v 0.070662 2.394396 -0.029269
v 0.075014 2.394396 -0.014921
v 0.076484 2.394396 -0.000000
v 0.075014 2.394396 0.014921
v 0.070662 2.394396 0.029269
v 0.063594 2.394396 0.042492
v 0.054082 2.394396 0.054082
v 0.042492 2.394396 0.063594
v 0.029269 2.394396 0.070662
v 0.014921 2.394396 0.075014
v -0.000000 2.396356 0.075566
v -0.000001 2.401343 0.071590
v -0.013996 2.401343 0.070209
v -0.014743 2.396356 0.074113
v -0.027452 2.401346 0.066121
v -0.028919 2.396356 0.069813
v -0.041984 2.396356 0.062830
v -0.039849 2.401350 0.059484
v -0.053435 2.396356 0.053431
v -0.050709 2.401355 0.050555
v -0.059615 2.401361 0.039678
v -0.062833 2.396357 0.041980
v -0.066225 2.401368 0.027275
v -0.069816 2.396357 0.028915
v -0.070286 2.401263 0.013818
v -0.074116 2.396354 0.014739
v -0.075567 2.396357 -0.000004
v -0.071641 2.401385 -0.000159
v -0.070244 2.401394 -0.014133
v -0.074115 2.396357 -0.014746
v -0.066148 2.401287 -0.027566
v -0.069814 2.396355 -0.028921
v -0.059517 2.401411 -0.039931
v -0.062831 2.396357 -0.041986
v -0.050602 2.401419 -0.050767
v -0.053433 2.396357 -0.053436
v -0.041982 2.396358 -0.062834
v -0.039750 2.401425 -0.059655
v -0.027376 2.401429 -0.066258
v -0.028918 2.396358 -0.069816
v -0.013955 2.401433 -0.070322
v -0.014742 2.396358 -0.074116
v -0.000001 2.401433 -0.071694
v -0.000000 2.396358 -0.075568
v 0.014741 2.396358 -0.074116
v 0.013954 2.401433 -0.070322
v 0.027375 2.401429 -0.066258
v 0.028917 2.396358 -0.069816
v 0.039749 2.401425 -0.059655
v 0.041981 2.396358 -0.062833
v 0.050601 2.401419 -0.050767
v 0.053432 2.396358 -0.053436
v 0.062830 2.396357 -0.041986
v 0.059516 2.401411 -0.039931
v 0.066147 2.401287 -0.027566
v 0.069813 2.396355 -0.028921
v 0.070243 2.401394 -0.014133
v 0.074114 2.396357 -0.014746
v 0.071640 2.401385 -0.000159
v 0.075566 2.396357 -0.000004
v 0.070285 2.401263 0.013818
v 0.074115 2.396354 0.014739
v 0.069815 2.396357 0.028915
v 0.066224 2.401368 0.027275
v 0.059614 2.401361 0.039678
v 0.062832 2.396357 0.041980
v 0.050708 2.401355 0.050555
v 0.053434 2.396357 0.053431
v 0.039848 2.401350 0.059484
v 0.041983 2.396356 0.062830
v 0.028918 2.396356 0.069813
v 0.027451 2.401346 0.066121
v 0.014742 2.396356 0.074113
v 0.013995 2.401343 0.070209
v -1.000000 -2.473932 -0.165743
v 1.000000 -2.473932 -0.165743
v -1.000000 -2.292248 0.148944
v 1.000000 -2.292248 0.148944
v -1.000000 -2.404882 -0.205609
v 1.000000 -2.404882 -0.205609
v -1.000000 -2.223197 0.109078
v 1.000000 -2.223197 0.109078
v -0.970662 -2.384029 -0.201542
v -0.992387 -2.398631 -0.207453
v 0.970662 -2.384029 -0.201542
v 0.992387 -2.398631 -0.207453
v -0.970662 -2.216293 0.088985
v -0.992387 -2.218475 0.104586
v 0.970662 -2.216293 0.088985
v 0.992387 -2.218475 0.104586
vn -0.0000 -0.3149 -0.9491
vn -0.0000 0.0010 -1.0000
vn 0.4450 0.0013 -0.8956
vn 0.8025 -0.0843 -0.5907
vn 0.8446 0.0087 -0.5354
vn 0.9521 0.0011 -0.3058
vn 0.8487 0.5289 0.0063
vn 0.9371 0.2750 0.2149
vn 0.3210 0.8916 0.3195
vn 0.3840 0.5871 0.7126
vn -0.3210 0.8916 0.3195
vn -0.3840 0.5871 0.7126
vn -0.8487 0.5289 0.0063
vn -0.9371 0.2750 0.2149
vn -0.8446 0.0087 -0.5354
vn -0.9521 0.0011 -0.3058
vn -0.4450 0.0013 -0.8956
vn -0.8025 -0.0843 -0.5907
vn 0.8094 -0.3418 -0.4775
vn -0.0000 -0.6742 -0.7386
vn 0.9943 -0.0024 0.1062
vn 0.7525 -0.0006 0.6586
vn 0.2718 -0.0002 0.9624
vn -0.2718 -0.0002 0.9624
vn -0.7525 -0.0006 0.6586
vn -0.9943 -0.0024 0.1062
vn -0.8094 -0.3418 -0.4775
vn 0.4450 0.0013 -0.8955
vn -0.4450 0.0013 -0.8955
vn -0.0000 -0.0143 0.9999
vn -0.0000 -0.0488 0.9988
vn -0.1772 -0.0484 0.9830
vn -0.1868 -0.0140 0.9823
vn -0.3506 -0.0472 0.9354
vn -0.3687 -0.0131 0.9295
vn -0.5157 -0.0453 0.8556
vn -0.5404 -0.0117 0.8414
vn -0.6673 -0.0429 0.7435
vn -0.6952 -0.0098 0.7187
vn -0.7988 -0.0399 0.6003
vn -0.8258 -0.0075 0.5639
vn -0.9027 -0.0368 0.4288
vn -0.9241 -0.0050 0.3820
vn -0.9715 -0.0336 0.2347
vn -0.9835 -0.0023 0.1811
vn -0.9992 -0.0306 0.0270
vn -0.9996 0.0003 -0.0283
vn -0.9826 -0.0281 -0.1834
vn -0.9721 0.0028 -0.2346
vn -0.9227 -0.0260 -0.3846
vn -0.9040 0.0049 -0.4274
vn -0.8239 -0.0243 -0.5662
vn -0.8012 0.0067 -0.5984
vn -0.6933 -0.0231 -0.7203
vn -0.6705 0.0080 -0.7418
vn -0.5386 -0.0222 -0.8423
vn -0.5191 0.0091 -0.8546
vn -0.3674 -0.0217 -0.9298
vn -0.3534 0.0098 -0.9354
vn -0.1861 -0.0213 -0.9823
vn -0.1788 0.0102 -0.9838
vn -0.0000 -0.0212 -0.9998
vn -0.0000 0.0103 -0.9999
vn 0.1861 -0.0213 -0.9823
vn 0.1788 0.0102 -0.9838
vn 0.3674 -0.0217 -0.9298
vn 0.3534 0.0098 -0.9354
vn 0.5386 -0.0222 -0.8423
vn 0.5191 0.0091 -0.8546
vn 0.6933 -0.0231 -0.7203
vn 0.6705 0.0080 -0.7418
vn 0.8239 -0.0243 -0.5662
vn 0.8012 0.0067 -0.5984
vn 0.9227 -0.0260 -0.3846
vn 0.9040 0.0049 -0.4274
vn 0.9826 -0.0281 -0.1834
vn 0.9721 0.0028 -0.2346
vn 0.9992 -0.0306 0.0270
vn 0.9996 0.0003 -0.0283
vn 0.9715 -0.0336 0.2347
vn 0.9835 -0.0023 0.1811
vn 0.9027 -0.0368 0.4288
vn 0.9241 -0.0050 0.3820
vn 0.7988 -0.0399 0.6003
vn 0.8258 -0.0075 0.5639
vn 0.6673 -0.0429 0.7435
vn 0.6952 -0.0098 0.7187
vn 0.5157 -0.0453 0.8556
vn 0.5404 -0.0117 0.8414
vn 0.3506 -0.0472 0.9354
vn 0.3687 -0.0131 0.9295
vn 0.3308 0.5022 0.7990
vn 0.1686 0.5023 0.8481
vn 0.1950 0.0254 0.9805
vn 0.3825 0.0254 0.9236
vn 0.1772 -0.0484 0.9830
vn 0.1868 -0.0140 0.9823
vn 0.6139 0.4968 -0.6134
vn 0.7213 0.4982 -0.4811
vn 0.8312 0.0254 -0.5554
vn 0.7069 0.0254 -0.7069
vn -0.8660 0.5001 0.0007
vn -0.8498 0.4994 -0.1689
vn -0.9805 0.0254 -0.1950
vn -0.9997 0.0254 -0.0000
vn 0.1695 0.4959 -0.8517
vn 0.3325 0.4961 -0.8021
vn 0.3826 0.0254 -0.9236
vn 0.1950 0.0254 -0.9805
vn 0.7994 0.5013 0.3312
vn 0.7194 0.5010 0.4811
vn 0.8312 0.0254 0.5554
vn 0.9236 0.0254 0.3826
vn -0.8312 -0.0260 0.5554
vn -0.7069 -0.0260 0.7069
vn -0.7069 0.0254 0.7069
vn -0.8312 0.0254 0.5554
vn -0.4825 0.4964 -0.7217
vn -0.3325 0.4960 -0.8021
vn -0.3826 0.0254 -0.9236
vn -0.5554 0.0254 -0.8312
vn 0.8498 0.4994 -0.1689
vn 0.8660 0.5001 0.0007
vn 0.9997 0.0254 -0.0000
vn 0.9805 0.0254 -0.1950
vn -0.8005 0.4995 -0.3311
vn -0.9236 0.0254 -0.3825
vn 0.1251 -0.7672 -0.6291
vn 0.2454 -0.7672 -0.5926
vn 0.6116 0.5015 0.6120
vn 0.4803 0.5019 0.7193
vn 0.5554 0.0254 0.8312
vn 0.7069 0.0254 0.7069
vn -0.7194 0.5010 0.4811
vn -0.7994 0.5013 0.3312
vn -0.9236 0.0254 0.3826
vn -0.1695 0.4958 -0.8517
vn -0.0000 0.4958 -0.8684
vn -0.0000 0.0254 -0.9997
vn -0.1950 0.0254 -0.9805
vn 0.8485 0.5014 0.1692
vn 0.9805 0.0254 0.1950
vn -0.7213 0.4982 -0.4811
vn -0.6139 0.4968 -0.6134
vn -0.7069 0.0254 -0.7069
vn -0.8312 0.0254 -0.5554
vn 0.4825 0.4964 -0.7217
vn 0.5554 0.0254 -0.8312
vn 0.5554 -0.0260 0.8312
vn 0.7069 -0.0260 0.7069
vn -0.8485 0.5014 0.1692
vn -0.9805 0.0254 0.1950
vn 0.9805 -0.0260 0.1950
vn 0.9997 -0.0260 -0.0000
vn -0.1686 0.5023 0.8481
vn -0.3308 0.5021 0.7990
vn -0.3826 0.0254 0.9236
vn -0.1950 0.0254 0.9805
vn -0.4803 0.5019 0.7193
vn -0.6116 0.5015 0.6120
vn -0.5554 0.0254 0.8312
vn 0.8312 -0.0260 -0.5554
vn 0.7069 -0.0260 -0.7069
vn -0.9997 -0.0260 -0.0000
vn -0.9805 -0.0260 0.1950
vn 0.1950 -0.0260 -0.9805
vn -0.0000 -0.0260 -0.9997
vn -0.5554 -0.0260 -0.8312
vn -0.7069 -0.0260 -0.7069
vn 0.8005 0.4995 -0.3311
vn 0.9236 0.0254 -0.3826
vn -0.4535 -0.7672 0.4535
vn -0.5333 -0.7672 0.3563
vn 0.1251 -0.7672 0.6291
vn -0.0000 -0.7672 0.6414
vn 0.3563 -0.7672 -0.5333
vn -0.5926 -0.7672 0.2454
vn 0.4535 -0.7672 -0.4535
vn -0.6290 -0.7672 0.1251
vn 0.5333 -0.7672 -0.3563
vn -0.6414 -0.7672 -0.0000
vn 0.5926 -0.7672 -0.2454
vn -0.6290 -0.7672 -0.1251
vn 0.6291 -0.7672 -0.1251
vn -0.5926 -0.7672 -0.2454
vn 0.6414 -0.7672 -0.0000
vn -0.5333 -0.7672 -0.3563
vn 0.6291 -0.7672 0.1251
vn -0.4535 -0.7672 -0.4535
vn 0.5926 -0.7672 0.2454
vn -0.3563 -0.7672 -0.5333
vn 0.5333 -0.7672 0.3563
vn -0.2454 -0.7672 -0.5926
vn -0.1251 -0.7672 0.6291
vn 0.4535 -0.7672 0.4535
vn -0.1251 -0.7672 -0.6291
vn -0.2454 -0.7672 0.5926
vn 0.3563 -0.7672 0.5333
vn -0.0000 -0.7672 -0.6414
vn -0.3563 -0.7672 0.5333
vn 0.2454 -0.7672 0.5926
vn -0.0000 -0.0260 0.9997
vn -0.1950 -0.0260 0.9805
vn -0.3825 -0.0260 0.9236
vn -0.5554 -0.0260 0.8312
vn -0.9236 -0.0260 0.3826
vn -0.9805 -0.0260 -0.1950
vn -0.9236 -0.0260 -0.3826
vn -0.8312 -0.0260 -0.5554
vn -0.3825 -0.0260 -0.9236
vn -0.1950 -0.0260 -0.9805
vn 0.3826 -0.0260 -0.9236
vn 0.5554 -0.0260 -0.8312
vn 0.9236 -0.0260 -0.3826
vn 0.9805 -0.0260 -0.1950
vn 0.9236 -0.0260 0.3826
vn 0.8312 -0.0260 0.5554
vn 0.3826 -0.0260 0.9236
vn 0.1950 -0.0260 0.9805
vn -0.0000 0.0254 0.9997
vn -0.1718 0.0269 0.9848
vn -0.1936 0.9802 0.0410
vn -0.2019 0.9767 0.0723
vn -0.1766 0.9773 0.1169
vn -0.1487 0.9778 0.1477
vn -0.1159 0.9782 0.1724
vn -0.0794 0.9785 0.1906
vn -0.0403 0.9786 0.2017
vn -0.0000 0.9787 0.2054
vn 0.0403 0.9786 0.2017
vn 0.0794 0.9785 0.1906
vn 0.1159 0.9782 0.1724
vn 0.1487 0.9778 0.1477
vn 0.1766 0.9773 0.1169
vn 0.2019 0.9767 0.0723
vn 0.1936 0.9802 0.0410
vn 0.1718 0.0269 0.9848
vn 0.1971 -0.0000 0.9804
vn -0.2010 0.0185 0.9794
vn 0.2010 0.0185 0.9794
vn 0.0296 0.0267 0.9992
vn -0.1971 -0.0000 0.9804
vn -0.2505 0.0289 0.9677
vn -0.0974 0.0288 0.9948
vn -0.0581 0.0287 0.9979
vn -0.0383 0.0287 0.9989
vn -0.0254 0.0287 0.9993
vn -0.0157 0.0286 0.9995
vn -0.0075 0.0286 0.9996
vn -0.0000 0.0286 0.9996
vn 0.0075 0.0286 0.9996
vn 0.0157 0.0286 0.9995
vn 0.0254 0.0287 0.9993
vn 0.0383 0.0287 0.9989
vn 0.0581 0.0287 0.9979
vn 0.0974 0.0288 0.9948
vn 0.2505 0.0289 0.9677
vn 0.0101 0.0275 0.9996
vn 0.0032 0.0278 0.9996
vn -0.0032 0.0278 0.9996
vn -0.0101 0.0275 0.9996
vn -0.0296 0.0267 0.9992
vn 0.2505 -0.0289 0.9677
vn 0.0974 -0.0288 0.9948
vn 0.0581 -0.0287 0.9979
vn 0.0383 -0.0287 0.9989
vn 0.0254 -0.0287 0.9993
vn 0.0157 -0.0286 0.9995
vn 0.0075 -0.0286 0.9996
vn -0.0000 -0.0286 0.9996
vn -0.0075 -0.0286 0.9996
vn -0.0157 -0.0286 0.9995
vn -0.0254 -0.0287 0.9993
vn -0.0383 -0.0287 0.9989
vn -0.0581 -0.0287 0.9979
vn -0.0974 -0.0288 0.9948
vn -0.2505 -0.0289 0.9677
vn -0.7328 0.0406 -0.6792
vn -0.9802 0.0301 -0.1956
vn -0.9807 0.0245 -0.1938
vn -0.7383 0.0204 -0.6742
vn 0.1797 0.0267 -0.9834
vn 0.1992 0.9762 -0.0860
vn 0.1939 0.9736 -0.1205
vn 0.1634 0.9727 -0.1647
vn 0.1295 0.9722 -0.1951
vn 0.0898 0.9718 -0.2181
vn 0.0459 0.9715 -0.2324
vn -0.0000 0.9715 -0.2372
vn -0.0460 0.9715 -0.2324
vn -0.0898 0.9718 -0.2181
vn -0.1295 0.9722 -0.1951
vn -0.1634 0.9727 -0.1647
vn -0.1939 0.9736 -0.1205
vn -0.1992 0.9762 -0.0860
vn -0.1797 0.0267 -0.9834
vn 0.9802 0.0301 -0.1956
vn 0.7328 0.0406 -0.6792
vn 0.7383 0.0204 -0.6742
vn 0.9807 0.0245 -0.1938
vn 0.7916 0.0454 0.6093
vn 0.9995 0.0301 0.0004
vn 0.9997 0.0246 -0.0001
vn 0.7950 0.0199 0.6063
vn 0.2099 0.0183 -0.9776
vn -0.2099 0.0183 -0.9776
vn -0.0318 0.0267 -0.9991
vn 0.1971 -0.0000 -0.9804
vn 0.2505 0.0289 -0.9677
vn 0.0974 0.0288 -0.9948
vn 0.0581 0.0287 -0.9979
vn 0.0383 0.0287 -0.9989
vn 0.0254 0.0287 -0.9993
vn 0.0157 0.0286 -0.9995
vn 0.0075 0.0286 -0.9996
vn -0.0000 0.0286 -0.9996
vn -0.0075 0.0286 -0.9996
vn -0.0157 0.0286 -0.9995
vn -0.0254 0.0287 -0.9993
vn -0.0383 0.0287 -0.9989
vn -0.0581 0.0287 -0.9979
vn -0.0974 0.0288 -0.9948
vn -0.2505 0.0289 -0.9677
vn -0.1971 -0.0000 -0.9804
vn -0.0108 0.0275 -0.9996
vn -0.0034 0.0278 -0.9996
vn 0.0034 0.0278 -0.9996
vn 0.0108 0.0275 -0.9996
vn 0.0318 0.0267 -0.9991
vn -0.2505 -0.0289 -0.9677
vn -0.0974 -0.0288 -0.9948
vn -0.0581 -0.0287 -0.9979
vn -0.0383 -0.0287 -0.9989
vn -0.0254 -0.0287 -0.9993
vn -0.0157 -0.0286 -0.9995
vn -0.0075 -0.0286 -0.9996
vn -0.0000 -0.0286 -0.9996
vn 0.0075 -0.0286 -0.9996
vn 0.0157 -0.0286 -0.9995
vn 0.0254 -0.0287 -0.9993
vn 0.0383 -0.0287 -0.9989
vn 0.0581 -0.0287 -0.9979
vn 0.0974 -0.0288 -0.9948
vn 0.2505 -0.0289 -0.9677
vn -0.3543 0.6407 0.6812
vn -0.1239 0.8703 0.4768
vn -0.1277 0.8674 -0.4809
vn -0.3563 0.6315 -0.6886
vn -0.9995 0.0301 0.0004
vn -0.9997 0.0246 -0.0001
vn -0.4728 0.1778 0.8631
vn -0.9025 0.4306 -0.0102
vn -0.7950 0.0199 0.6063
vn 0.4728 0.1778 0.8631
vn 0.9025 0.4306 -0.0102
vn 0.8926 0.4193 -0.1656
vn 0.4653 0.1738 -0.8679
vn 0.3563 0.6315 -0.6886
vn 0.3543 0.6407 0.6812
vn -0.7916 0.0454 0.6093
vn -0.8926 0.4193 -0.1656
vn -0.4653 0.1738 -0.8679
vn 0.1239 0.8703 0.4768
vn 0.1277 0.8674 -0.4809
vn -0.3190 0.9456 0.0633
vn -0.3146 0.9402 -0.1306
vn 0.3146 0.9402 -0.1306
vn 0.3190 0.9456 0.0633
vn -0.6631 0.0001 -0.7486
vn 0.6631 0.0001 -0.7486
vn 0.9994 -0.0292 -0.0168
vn -0.9994 -0.0292 -0.0168
vn -0.0000 0.7615 0.6482
vn 0.1267 0.7613 0.6359
vn -0.6470 0.7502 -0.1361
vn -0.6582 0.7528 0.0060
vn -0.0000 0.5024 0.8647
vn -0.5438 0.7569 0.3624
vn -0.4613 0.7585 0.4603
vn -0.2571 0.7400 -0.6215
vn -0.3725 0.7412 -0.5585
vn 0.2571 0.7400 -0.6215
vn 0.1312 0.7393 -0.6605
vn 0.6120 0.7486 -0.2550
vn 0.5567 0.7464 -0.3647
vn 0.5438 0.7569 0.3624
vn 0.6069 0.7566 0.2434
vn 0.2487 0.7607 0.5995
vn -0.3617 0.7598 0.5403
vn -0.6120 0.7486 -0.2550
vn 0.6470 0.7502 -0.1361
vn -0.2487 0.7607 0.5995
vn -0.1267 0.7613 0.6359
vn -0.6069 0.7566 0.2434
vn -0.5567 0.7464 -0.3647
vn -0.1312 0.7393 -0.6605
vn 0.3725 0.7412 -0.5585
vn 0.4613 0.7585 0.4603
vn 0.6582 0.7528 0.0060
vn -0.6433 0.7551 0.1265
vn -0.4730 0.7427 -0.4740
vn -0.0000 0.7390 -0.6737
vn 0.4730 0.7427 -0.4740
vn 0.3617 0.7598 0.5403
vn 0.6433 0.7551 0.1265
vn 0.5372 -0.0004 0.8435
vn -0.5372 -0.0004 0.8435
vn 0.1610 0.0011 -0.9870
vn 0.3664 0.9173 0.1559
vn 0.9993 0.0289 0.0246
vn -0.9993 0.0289 0.0246
vn -0.1610 0.0011 -0.9870
vn -0.0856 0.5677 -0.8188
vn -0.1701 0.9465 -0.2743
vn 0.1701 0.9465 -0.2743
vn 0.0856 0.5677 -0.8188
vn -0.3664 0.9173 0.1559
vt 0.981481 0.480888
vt 0.981481 0.999997
vt 0.991649 0.480892
vt 0.986482 0.999997
vt 0.997060 0.480888
vt 0.989142 0.999997
vt 0.995181 0.480892
vt 0.988218 1.000000
vt 0.986892 0.480888
vt 0.984142 0.999997
vt 0.976071 0.480888
vt 0.978821 0.999997
vt 0.967782 0.480892
vt 0.974745 1.000000
vt 0.965903 0.480888
vt 0.973821 0.999997
vt 0.971313 0.480892
vt 0.976481 0.999997
vt 0.981481 0.000000
vt 0.993569 0.000003
vt 1.000000 0.000003
vt 0.997766 0.000000
vt 0.987913 0.000000
vt 0.975050 0.000000
vt 0.965197 0.000000
vt 0.962963 0.000003
vt 0.969394 0.000003
vt 0.981481 0.480888
vt 0.981481 0.999997
vt 0.991649 0.480892
vt 0.986482 0.999997
vt 0.997060 0.480892
vt 0.989142 0.999997
vt 0.995181 0.480892
vt 0.988218 0.999997
vt 0.986892 0.480888
vt 0.984142 1.000000
vt 0.976071 0.480888
vt 0.978821 1.000000
vt 0.967782 0.480892
vt 0.974745 0.999997
vt 0.965903 0.480892
vt 0.973821 0.999997
vt 0.971313 0.480892
vt 0.976481 0.999997
vt 0.981481 0.000003
vt 0.993569 0.000000
vt 1.000000 0.000003
vt 0.997766 0.000003
vt 0.987913 0.000003
vt 0.975050 0.000003
vt 0.965197 0.000003
vt 0.962963 0.000003
vt 0.969394 0.000000
vt 0.981481 0.480892
vt 0.981481 1.000000
vt 0.991649 0.480888
vt 0.986482 1.000000
vt 0.997060 0.480888
vt 0.989142 1.000000
vt 0.995181 0.480888
vt 0.988218 0.999997
vt 0.986892 0.480892
vt 0.984142 0.999997
vt 0.976071 0.480892
vt 0.978821 0.999997
vt 0.967782 0.480888
vt 0.974745 0.999997
vt 0.965903 0.480888
vt 0.973821 1.000000
vt 0.971313 0.480888
vt 0.976481 1.000000
vt 0.981481 0.000000
vt 0.993569 0.000003
vt 1.000000 0.000000
vt 0.997766 0.000003
vt 0.987913 0.000000
vt 0.975050 0.000000
vt 0.965197 0.000003
vt 0.962963 0.000000
vt 0.969394 0.000003
vt 0.981481 0.480888
vt 0.981481 0.999997
vt 0.991649 0.480888
vt 0.986482 0.999997
vt 0.997060 0.480888
vt 0.989142 1.000000
vt 0.995181 0.480888
vt 0.988218 1.000000
vt 0.986892 0.480888
vt 0.984142 0.999997
vt 0.976071 0.480888
vt 0.978821 0.999997
vt 0.967782 0.480888
vt 0.974745 1.000000
vt 0.965903 0.480888
vt 0.973821 1.000000
vt 0.971313 0.480888
vt 0.976481 0.999997
vt 0.981481 0.000000
vt 0.993569 0.000003
vt 1.000000 0.000003
vt 0.997766 0.000000
vt 0.987913 0.000000
vt 0.975050 0.000000
vt 0.965197 0.000000
vt 0.962963 0.000003
vt 0.969394 0.000003
vt 0.933333 0.480888
vt 0.933333 0.999997
vt 0.943501 0.480892
vt 0.938333 0.999997
vt 0.948912 0.480888
vt 0.940994 0.999997
vt 0.947033 0.480892
vt 0.940070 1.000000
vt 0.938743 0.480888
vt 0.935994 0.999997
vt 0.927923 0.480888
vt 0.930673 0.999997
vt 0.919634 0.480892
vt 0.926596 1.000000
vt 0.917755 0.480888
vt 0.925672 0.999997
vt 0.923165 0.480892
vt 0.928333 0.999997
vt 0.933333 0.000000
vt 0.945420 0.000003
vt 0.951852 0.000003
vt 0.949618 0.000000
vt 0.939765 0.000000
vt 0.926902 0.000000
vt 0.917048 0.000000
vt 0.914815 0.000003
vt 0.921246 0.000003
vt 0.933333 0.480888
vt 0.933333 0.999997
vt 0.943501 0.480892
vt 0.938333 0.999997
vt 0.948912 0.480892
vt 0.940994 0.999997
vt 0.947033 0.480892
vt 0.940070 0.999997
vt 0.938743 0.480888
vt 0.935994 1.000000
vt 0.927923 0.480888
vt 0.930673 1.000000
vt 0.919634 0.480892
vt 0.926596 0.999997
vt 0.917755 0.480892
vt 0.925672 0.999997
vt 0.923165 0.480892
vt 0.928333 0.999997
vt 0.933333 0.000003
vt 0.945420 0.000000
vt 0.951852 0.000003
vt 0.949618 0.000003
vt 0.939765 0.000003
vt 0.926902 0.000003
vt 0.917048 0.000003
vt 0.914815 0.000003
vt 0.921246 0.000000
vt 0.933333 0.480892
vt 0.933333 1.000000
vt 0.943501 0.480888
vt 0.938333 1.000000
vt 0.948912 0.480888
vt 0.940994 1.000000
vt 0.947033 0.480888
vt 0.940070 0.999997
vt 0.938743 0.480892
vt 0.935994 0.999997
vt 0.927923 0.480892
vt 0.930673 0.999997
vt 0.919634 0.480888
vt 0.926596 0.999997
vt 0.917755 0.480888
vt 0.925672 1.000000
vt 0.923165 0.480888
vt 0.928333 1.000000
vt 0.933333 0.000000
vt 0.945420 0.000003
vt 0.951852 0.000000
vt 0.949618 0.000003
vt 0.939765 0.000000
vt 0.926902 0.000000
vt 0.917048 0.000003
vt 0.914815 0.000000
vt 0.921246 0.000003
vt 0.933333 0.480888
vt 0.933333 0.999997
vt 0.943501 0.480888
vt 0.938333 0.999997
vt 0.948912 0.480888
vt 0.940994 1.000000
vt 0.947033 0.480888
vt 0.940070 1.000000
vt 0.938743 0.480888
vt 0.935994 0.999997
vt 0.927923 0.480888
vt 0.930673 0.999997
vt 0.919634 0.480888
vt 0.926596 1.000000
vt 0.917755 0.480888
vt 0.925672 1.000000
vt 0.923165 0.480888
vt 0.928333 0.999997
vt 0.933333 0.000000
vt 0.945420 0.000003
vt 0.951852 0.000003
vt 0.949618 0.000000
vt 0.939765 0.000000
vt 0.926902 0.000000
vt 0.917048 0.000000
vt 0.914815 0.000003
vt 0.921246 0.000003
vt 0.885185 0.480888
vt 0.885185 0.999997
vt 0.895353 0.480892
vt 0.890185 0.999997
vt 0.900763 0.480888
vt 0.892846 0.999997
vt 0.898884 0.480892
vt 0.891922 1.000000
vt 0.890595 0.480888
vt 0.887846 0.999997
vt 0.879775 0.480888
vt 0.882525 0.999997
vt 0.871486 0.480892
vt 0.878448 1.000000
vt 0.869607 0.480888
vt 0.877524 0.999997
vt 0.875017 0.480892
vt 0.880185 0.999997
vt 0.885185 0.000000
vt 0.897272 0.000003
vt 0.903704 0.000003
vt 0.901470 0.000000
vt 0.891617 0.000000
vt 0.878754 0.000000
vt 0.868900 0.000000
vt 0.866666 0.000003
vt 0.873098 0.000003
vt 0.885185 0.480888
vt 0.885185 0.999997
vt 0.895353 0.480892
vt 0.890185 0.999997
vt 0.900763 0.480892
vt 0.892846 0.999997
vt 0.898884 0.480892
vt 0.891922 0.999997
vt 0.890595 0.480888
vt 0.887846 1.000000
vt 0.879775 0.480888
vt 0.882525 1.000000
vt 0.871486 0.480892
vt 0.878448 0.999997
vt 0.869607 0.480892
vt 0.877524 0.999997
vt 0.875017 0.480892
vt 0.880185 0.999997
vt 0.885185 0.000003
vt 0.897272 0.000000
vt 0.903704 0.000003
vt 0.901470 0.000003
vt 0.891617 0.000003
vt 0.878754 0.000003
vt 0.868900 0.000003
vt 0.866666 0.000003
vt 0.873098 0.000000
vt 0.885185 0.480892
vt 0.885185 1.000000
vt 0.895353 0.480888
vt 0.890185 1.000000
vt 0.900763 0.480888
vt 0.892846 1.000000
vt 0.898884 0.480888
vt 0.891922 0.999997
vt 0.890595 0.480892
vt 0.887846 0.999997
vt 0.879775 0.480892
vt 0.882525 0.999997
vt 0.871486 0.480888
vt 0.878448 0.999997
vt 0.869607 0.480888
vt 0.877524 1.000000
vt 0.875017 0.480888
vt 0.880185 1.000000
vt 0.885185 0.000000
vt 0.897272 0.000003
vt 0.903704 0.000000
vt 0.901470 0.000003
vt 0.891617 0.000000
vt 0.878754 0.000000
vt 0.868900 0.000003
vt 0.866666 0.000000
vt 0.873098 0.000003
vt 0.885185 0.480888
vt 0.885185 0.999997
vt 0.895353 0.480888
vt 0.890185 0.999997
vt 0.900763 0.480888
vt 0.892846 1.000000
vt 0.898884 0.480888
vt 0.891922 1.000000
vt 0.890595 0.480888
vt 0.887846 0.999997
vt 0.879775 0.480888
vt 0.882525 0.999997
vt 0.871486 0.480888
vt 0.878448 1.000000
vt 0.869607 0.480888
vt 0.877524 1.000000
vt 0.875017 0.480888
vt 0.880185 0.999997
vt 0.885185 0.000000
vt 0.897272 0.000003
vt 0.903704 0.000003
vt 0.901470 0.000000
vt 0.891617 0.000000
vt 0.878754 0.000000
vt 0.868900 0.000000
vt 0.866666 0.000003
vt 0.873098 0.000003
vt 0.837037 0.480888
vt 0.837037 0.999997
vt 0.847205 0.480892
vt 0.842037 0.999997
vt 0.852615 0.480888
vt 0.844698 0.999997
vt 0.850736 0.480892
vt 0.843774 1.000000
vt 0.842447 0.480888
vt 0.839697 0.999997
vt 0.831627 0.480888
vt 0.834376 0.999997
vt 0.823338 0.480892
vt 0.830300 1.000000
vt 0.821459 0.480888
vt 0.829376 0.999997
vt 0.826869 0.480892
vt 0.832037 0.999997
vt 0.837037 0.000000
vt 0.849124 0.000003
vt 0.855555 0.000003
vt 0.853322 0.000000
vt 0.843468 0.000000
vt 0.830606 0.000000
vt 0.820752 0.000000
vt 0.818518 0.000003
vt 0.824950 0.000003
vt 0.837037 0.480888
vt 0.837037 0.999997
vt 0.847205 0.480892
vt 0.842037 0.999997
vt 0.852615 0.480892
vt 0.844698 0.999997
vt 0.850736 0.480892
vt 0.843774 0.999997
vt 0.842447 0.480888
vt 0.839697 1.000000
vt 0.831627 0.480888
vt 0.834376 1.000000
vt 0.823338 0.480892
vt 0.830300 0.999997
vt 0.821459 0.480892
vt 0.829376 0.999997
vt 0.826869 0.480892
vt 0.832037 0.999997
vt 0.837037 0.000003
vt 0.849124 0.000000
vt 0.855555 0.000003
vt 0.853322 0.000003
vt 0.843468 0.000003
vt 0.830606 0.000003
vt 0.820752 0.000003
vt 0.818518 0.000003
vt 0.824950 0.000000
vt 0.837037 0.480892
vt 0.837037 1.000000
vt 0.847205 0.480888
vt 0.842037 1.000000
vt 0.852615 0.480888
vt 0.844698 1.000000
vt 0.850736 0.480888
vt 0.843774 0.999997
vt 0.842447 0.480892
vt 0.839697 0.999997
vt 0.831627 0.480892
vt 0.834376 0.999997
vt 0.823338 0.480888
vt 0.830300 0.999997
vt 0.821459 0.480888
vt 0.829376 1.000000
vt 0.826869 0.480888
vt 0.832037 1.000000
vt 0.837037 0.000000
vt 0.849124 0.000003
vt 0.855555 0.000000
vt 0.853322 0.000003
vt 0.843468 0.000000
vt 0.830606 0.000000
vt 0.820752 0.000003
vt 0.818518 0.000000
vt 0.824950 0.000003
vt 0.837037 0.480888
vt 0.837037 0.999997
vt 0.847205 0.480888
vt 0.842037 0.999997
vt 0.852615 0.480888
vt 0.844698 1.000000
vt 0.850736 0.480888
vt 0.843774 1.000000
vt 0.842447 0.480888
vt 0.839697 0.999997
vt 0.831627 0.480888
vt 0.834376 0.999997
vt 0.823338 0.480888
vt 0.830300 1.000000
vt 0.821459 0.480888
vt 0.829376 1.000000
vt 0.826869 0.480888
vt 0.832037 0.999997
vt 0.837037 0.000000
vt 0.849124 0.000003
vt 0.855555 0.000003
vt 0.853322 0.000000
vt 0.843468 0.000000
vt 0.830606 0.000000
vt 0.820752 0.000000
vt 0.818518 0.000003
vt 0.824950 0.000003
vt 0.788889 0.480888
vt 0.788889 0.999997
vt 0.799057 0.480892
vt 0.793889 0.999997
vt 0.804467 0.480888
vt 0.796550 0.999997
vt 0.802588 0.480892
vt 0.795626 1.000000
vt 0.794299 0.480888
vt 0.791549 0.999997
vt 0.783479 0.480888
vt 0.786228 0.999997
vt 0.775189 0.480892
vt 0.782152 1.000000
vt 0.773310 0.480888
vt 0.781228 0.999997
vt 0.778721 0.480892
vt 0.783889 0.999997
vt 0.788889 0.000000
vt 0.800976 0.000003
vt 0.807407 0.000003
vt 0.805174 0.000000
vt 0.795320 0.000000
vt 0.782457 0.000000
vt 0.772604 0.000000
vt 0.770370 0.000003
vt 0.776802 0.000003
vt 0.788889 0.480888
vt 0.788889 0.999997
vt 0.799057 0.480892
vt 0.793889 0.999997
vt 0.804467 0.480892
vt 0.796550 0.999997
vt 0.802588 0.480892
vt 0.795626 0.999997
vt 0.794299 0.480888
vt 0.791549 1.000000
vt 0.783479 0.480888
vt 0.786228 1.000000
vt 0.775189 0.480892
vt 0.782152 0.999997
vt 0.773310 0.480892
vt 0.781228 0.999997
vt 0.778721 0.480892
vt 0.783889 0.999997
vt 0.788889 0.000003
vt 0.800976 0.000000
vt 0.807407 0.000003
vt 0.805174 0.000003
vt 0.795320 0.000003
vt 0.782457 0.000003
vt 0.772604 0.000003
vt 0.770370 0.000003
vt 0.776802 0.000000
vt 0.788889 0.480892
vt 0.788889 1.000000
vt 0.799057 0.480888
vt 0.793889 1.000000
vt 0.804467 0.480888
vt 0.796550 1.000000
vt 0.802588 0.480888
vt 0.795626 0.999997
vt 0.794299 0.480892
vt 0.791549 0.999997
vt 0.783479 0.480892
vt 0.786228 0.999997
vt 0.775189 0.480888
vt 0.782152 0.999997
vt 0.773310 0.480888
vt 0.781228 1.000000
vt 0.778721 0.480888
vt 0.783889 1.000000
vt 0.788889 0.000000
vt 0.800976 0.000003
vt 0.807407 0.000000
vt 0.805174 0.000003
vt 0.795320 0.000000
vt 0.782457 0.000000
vt 0.772604 0.000003
vt 0.770370 0.000000
vt 0.776802 0.000003
vt 0.788889 0.480888
vt 0.788889 0.999997
vt 0.799057 0.480888
vt 0.793889 0.999997
vt 0.804467 0.480888
vt 0.796550 1.000000
vt 0.802588 0.480888
vt 0.795626 1.000000
vt 0.794299 0.480888
vt 0.791549 0.999997
vt 0.783479 0.480888
vt 0.786228 0.999997
vt 0.775189 0.480888
vt 0.782152 1.000000
vt 0.773310 0.480888
vt 0.781228 1.000000
vt 0.778721 0.480888
vt 0.783889 0.999997
vt 0.788889 0.000000
vt 0.800976 0.000003
vt 0.807407 0.000003
vt 0.805174 0.000000
vt 0.795320 0.000000
vt 0.782457 0.000000
vt 0.772604 0.000000
vt 0.770370 0.000003
vt 0.776802 0.000003
vt 0.740741 0.480888
vt 0.740741 0.999997
vt 0.750909 0.480892
vt 0.745741 0.999997
vt 0.756319 0.480888
vt 0.748401 0.999997
vt 0.754440 0.480892
vt 0.747478 1.000000
vt 0.746151 0.480888
vt 0.743401 0.999997
vt 0.735330 0.480888
vt 0.738080 0.999997
vt 0.727041 0.480892
vt 0.734004 1.000000
vt 0.725162 0.480888
vt 0.733080 0.999997
vt 0.730573 0.480892
vt 0.735740 0.999997
vt 0.740741 0.000000
vt 0.752828 0.000003
vt 0.759259 0.000003
vt 0.757025 0.000000
vt 0.747172 0.000000
vt 0.734309 0.000000
vt 0.724456 0.000000
vt 0.722222 0.000003
vt 0.728654 0.000003
vt 0.740741 0.480888
vt 0.740741 0.999997
vt 0.750909 0.480892
vt 0.745741 0.999997
vt 0.756319 0.480892
vt 0.748401 0.999997
vt 0.754440 0.480892
vt 0.747478 0.999997
vt 0.746151 0.480888
vt 0.743401 1.000000
vt 0.735330 0.480888
vt 0.738080 1.000000
vt 0.727041 0.480892
vt 0.734004 0.999997
vt 0.725162 0.480892
vt 0.733080 0.999997
vt 0.730573 0.480892
vt 0.735740 0.999997
vt 0.740741 0.000003
vt 0.752828 0.000000
vt 0.759259 0.000003
vt 0.757025 0.000003
vt 0.747172 0.000003
vt 0.734309 0.000003
vt 0.724456 0.000003
vt 0.722222 0.000003
vt 0.728654 0.000000
vt 0.740741 0.480892
vt 0.740741 1.000000
vt 0.750909 0.480888
vt 0.745741 1.000000
vt 0.756319 0.480888
vt 0.748401 1.000000
vt 0.754440 0.480888
vt 0.747478 0.999997
vt 0.746151 0.480892
vt 0.743401 0.999997
vt 0.735330 0.480892
vt 0.738080 0.999997
vt 0.727041 0.480888
vt 0.734004 0.999997
vt 0.725162 0.480888
vt 0.733080 1.000000
vt 0.730573 0.480888
vt 0.735740 1.000000
vt 0.740741 0.000000
vt 0.752828 0.000003
vt 0.759259 0.000000
vt 0.757025 0.000003
vt 0.747172 0.000000
vt 0.734309 0.000000
vt 0.724456 0.000003
vt 0.722222 0.000000
vt 0.728654 0.000003
vt 0.740741 0.480888
vt 0.740741 0.999997
vt 0.750909 0.480888
vt 0.745741 0.999997
vt 0.756319 0.480888
vt 0.748401 1.000000
vt 0.754440 0.480888
vt 0.747478 1.000000
vt 0.746151 0.480888
vt 0.743401 0.999997
vt 0.735330 0.480888
vt 0.738080 0.999997
vt 0.727041 0.480888
vt 0.734004 1.000000
vt 0.725162 0.480888
vt 0.733080 1.000000
vt 0.730573 0.480888
vt 0.735740 0.999997
vt 0.740741 0.000000
vt 0.752828 0.000003
vt 0.759259 0.000003
vt 0.757025 0.000000
vt 0.747172 0.000000
vt 0.734309 0.000000
vt 0.724456 0.000000
vt 0.722222 0.000003
vt 0.728654 0.000003
vt 0.692592 0.480888
vt 0.692592 0.999997
vt 0.702761 0.480892
vt 0.697593 0.999997
vt 0.708171 0.480888
vt 0.700253 0.999997
vt 0.706292 0.480892
vt 0.699329 1.000000
vt 0.698003 0.480888
vt 0.695253 0.999997
vt 0.687182 0.480888
vt 0.689932 0.999997
vt 0.678893 0.480892
vt 0.685856 1.000000
vt 0.677014 0.480888
vt 0.684932 0.999997
vt 0.682424 0.480892
vt 0.687592 0.999997
vt 0.692592 0.000000
vt 0.704680 0.000003
vt 0.711111 0.000003
vt 0.708877 0.000000
vt 0.699024 0.000000
vt 0.686161 0.000000
vt 0.676308 0.000000
vt 0.674074 0.000003
vt 0.680505 0.000003
vt 0.692592 0.480888
vt 0.692592 0.999997
vt 0.702761 0.480892
vt 0.697593 0.999997
vt 0.708171 0.480892
vt 0.700253 0.999997
vt 0.706292 0.480892
vt 0.699329 0.999997
vt 0.698003 0.480888
vt 0.695253 1.000000
vt 0.687182 0.480888
vt 0.689932 1.000000
vt 0.678893 0.480892
vt 0.685856 0.999997
vt 0.677014 0.480892
vt 0.684932 0.999997
vt 0.682424 0.480892
vt 0.687592 0.999997
vt 0.692592 0.000003
vt 0.704680 0.000000
vt 0.711111 0.000003
vt 0.708877 0.000003
vt 0.699024 0.000003
vt 0.686161 0.000003
vt 0.676308 0.000003
vt 0.674074 0.000003
vt 0.680505 0.000000
vt 0.692592 0.480892
vt 0.692592 1.000000
vt 0.702761 0.480888
vt 0.697593 1.000000
vt 0.708171 0.480888
vt 0.700253 1.000000
vt 0.706292 0.480888
vt 0.699329 0.999997
vt 0.698003 0.480892
vt 0.695253 0.999997
vt 0.687182 0.480892
vt 0.689932 0.999997
vt 0.678893 0.480888
vt 0.685856 0.999997
vt 0.677014 0.480888
vt 0.684932 1.000000
vt 0.682424 0.480888
vt 0.687592 1.000000
vt 0.692592 0.000000
vt 0.704680 0.000003
vt 0.711111 0.000000
vt 0.708877 0.000003
vt 0.699024 0.000000
vt 0.686161 0.000000
vt 0.676308 0.000003
vt 0.674074 0.000000
vt 0.680505 0.000003
vt 0.692592 0.480888
vt 0.692592 0.999997
vt 0.702761 0.480888
vt 0.697593 0.999997
vt 0.708171 0.480888
vt 0.700253 1.000000
vt 0.706292 0.480888
vt 0.699329 1.000000
vt 0.698003 0.480888
vt 0.695253 0.999997
vt 0.687182 0.480888
vt 0.689932 0.999997
vt 0.678893 0.480888
vt 0.685856 1.000000
vt 0.677014 0.480888
vt 0.684932 1.000000
vt 0.682424 0.480888
vt 0.687592 0.999997
vt 0.692592 0.000000
vt 0.704680 0.000003
vt 0.711111 0.000003
vt 0.708877 0.000000
vt 0.699024 0.000000
vt 0.686161 0.000000
vt 0.676308 0.000000
vt 0.674074 0.000003
vt 0.680505 0.000003
vt 0.644444 0.480888
vt 0.644444 0.999997
vt 0.654612 0.480892
vt 0.649445 0.999997
vt 0.660023 0.480888
vt 0.652105 0.999997
vt 0.658144 0.480892
vt 0.651181 1.000000
vt 0.649855 0.480888
vt 0.647105 0.999997
vt 0.639034 0.480888
vt 0.641784 0.999997
vt 0.630745 0.480892
vt 0.637707 1.000000
vt 0.628866 0.480888
vt 0.636784 0.999997
vt 0.634276 0.480892
vt 0.639444 0.999997
vt 0.644444 0.000000
vt 0.656531 0.000003
vt 0.662963 0.000003
vt 0.660729 0.000000
vt 0.650876 0.000000
vt 0.638013 0.000000
vt 0.628160 0.000000
vt 0.625926 0.000003
vt 0.632357 0.000003
vt 0.644444 0.480888
vt 0.644444 0.999997
vt 0.654612 0.480892
vt 0.649445 0.999997
vt 0.660023 0.480892
vt 0.652105 0.999997
vt 0.658144 0.480892
vt 0.651181 0.999997
vt 0.649855 0.480888
vt 0.647105 1.000000
vt 0.639034 0.480888
vt 0.641784 1.000000
vt 0.630745 0.480892
vt 0.637707 0.999997
vt 0.628866 0.480892
vt 0.636784 0.999997
vt 0.634276 0.480892
vt 0.639444 0.999997
vt 0.644444 0.000003
vt 0.656531 0.000000
vt 0.662963 0.000003
vt 0.660729 0.000003
vt 0.650876 0.000003
vt 0.638013 0.000003
vt 0.628160 0.000003
vt 0.625926 0.000003
vt 0.632357 0.000000
vt 0.644444 0.480892
vt 0.644444 1.000000
vt 0.654612 0.480888
vt 0.649445 1.000000
vt 0.660023 0.480888
vt 0.652105 1.000000
vt 0.658144 0.480888
vt 0.651181 0.999997
vt 0.649855 0.480892
vt 0.647105 0.999997
vt 0.639034 0.480892
vt 0.641784 0.999997
vt 0.630745 0.480888
vt 0.637707 0.999997
vt 0.628866 0.480888
vt 0.636784 1.000000
vt 0.634276 0.480888
vt 0.639444 1.000000
vt 0.644444 0.000000
vt 0.656531 0.000003
vt 0.662963 0.000000
vt 0.660729 0.000003
vt 0.650876 0.000000
vt 0.638013 0.000000
vt 0.628160 0.000003
vt 0.625926 0.000000
vt 0.632357 0.000003
vt 0.644444 0.480888
vt 0.644444 0.999997
vt 0.654612 0.480888
vt 0.649445 0.999997
vt 0.660023 0.480888
vt 0.652105 1.000000
vt 0.658144 0.480888
vt 0.651181 1.000000
vt 0.649855 0.480888
vt 0.647105 0.999997
vt 0.639034 0.480888
vt 0.641784 0.999997
vt 0.630745 0.480888
vt 0.637707 1.000000
vt 0.628866 0.480888
vt 0.636784 1.000000
vt 0.634276 0.480888
vt 0.639444 0.999997
vt 0.644444 0.000000
vt 0.656531 0.000003
vt 0.662963 0.000003
vt 0.660729 0.000000
vt 0.650876 0.000000
vt 0.638013 0.000000
vt 0.628160 0.000000
vt 0.625926 0.000003
vt 0.632357 0.000003
vt 0.596296 0.480888
vt 0.596296 0.999997
vt 0.606464 0.480892
vt 0.601296 0.999997
vt 0.611874 0.480888
vt 0.603957 0.999997
vt 0.609996 0.480892
vt 0.603033 1.000000
vt 0.601707 0.480888
vt 0.598957 0.999997
vt 0.590886 0.480888
vt 0.593636 0.999997
vt 0.582597 0.480892
vt 0.589559 1.000000
vt 0.580718 0.480888
vt 0.588635 0.999997
vt 0.586128 0.480892
vt 0.591296 0.999997
vt 0.596296 0.000000
vt 0.608383 0.000003
vt 0.614815 0.000003
vt 0.612581 0.000000
vt 0.602728 0.000000
vt 0.589865 0.000000
vt 0.580011 0.000000
vt 0.577778 0.000003
vt 0.584209 0.000003
vt 0.596296 0.480888
vt 0.596296 0.999997
vt 0.606464 0.480892
vt 0.601296 0.999997
vt 0.611874 0.480892
vt 0.603957 0.999997
vt 0.609996 0.480892
vt 0.603033 0.999997
vt 0.601707 0.480888
vt 0.598957 1.000000
vt 0.590886 0.480888
vt 0.593636 1.000000
vt 0.582597 0.480892
vt 0.589559 0.999997
vt 0.580718 0.480892
vt 0.588635 0.999997
vt 0.586128 0.480892
vt 0.591296 0.999997
vt 0.596296 0.000003
vt 0.608383 0.000000
vt 0.614815 0.000003
vt 0.612581 0.000003
vt 0.602728 0.000003
vt 0.589865 0.000003
vt 0.580011 0.000003
vt 0.577778 0.000003
vt 0.584209 0.000000
vt 0.596296 0.480892
vt 0.596296 1.000000
vt 0.606464 0.480888
vt 0.601296 1.000000
vt 0.611874 0.480888
vt 0.603957 1.000000
vt 0.609996 0.480888
vt 0.603033 0.999997
vt 0.601707 0.480892
vt 0.598957 0.999997
vt 0.590886 0.480892
vt 0.593636 0.999997
vt 0.582597 0.480888
vt 0.589559 0.999997
vt 0.580718 0.480888
vt 0.588635 1.000000
vt 0.586128 0.480888
vt 0.591296 1.000000
vt 0.596296 0.000000
vt 0.608383 0.000003
vt 0.614815 0.000000
vt 0.612581 0.000003
vt 0.602728 0.000000
vt 0.589865 0.000000
vt 0.580011 0.000003
vt 0.577778 0.000000
vt 0.584209 0.000003
vt 0.596296 0.480888
vt 0.596296 0.999997
vt 0.606464 0.480888
vt 0.601296 0.999997
vt 0.611874 0.480888
vt 0.603957 1.000000
vt 0.609996 0.480888
vt 0.603033 1.000000
vt 0.601707 0.480888
vt 0.598957 0.999997
vt 0.590886 0.480888
vt 0.593636 0.999997
vt 0.582597 0.480888
vt 0.589559 1.000000
vt 0.580718 0.480888
vt 0.588635 1.000000
vt 0.586128 0.480888
vt 0.591296 0.999997
vt 0.596296 0.000000
vt 0.608383 0.000003
vt 0.614815 0.000003
vt 0.612581 0.000000
vt 0.602728 0.000000
vt 0.589865 0.000000
vt 0.580011 0.000000
vt 0.577778 0.000003
vt 0.584209 0.000003
vt 0.548148 0.480888
vt 0.548148 0.999997
vt 0.558316 0.480892
vt 0.553148 0.999997
vt 0.563726 0.480888
vt 0.555809 0.999997
vt 0.561847 0.480892
vt 0.554885 1.000000
vt 0.553558 0.480888
vt 0.550809 0.999997
vt 0.542738 0.480888
vt 0.545487 0.999997
vt 0.534449 0.480892
vt 0.541411 1.000000
vt 0.532570 0.480888
vt 0.540487 0.999997
vt 0.537980 0.480892
vt 0.543148 0.999997
vt 0.548148 0.000000
vt 0.560235 0.000003
vt 0.566667 0.000003
vt 0.564433 0.000000
vt 0.554579 0.000000
vt 0.541717 0.000000
vt 0.531863 0.000000
vt 0.529629 0.000003
vt 0.536061 0.000003
vt 0.548148 0.480888
vt 0.548148 0.999997
vt 0.558316 0.480892
vt 0.553148 0.999997
vt 0.563726 0.480892
vt 0.555809 0.999997
vt 0.561847 0.480892
vt 0.554885 0.999997
vt 0.553558 0.480888
vt 0.550809 1.000000
vt 0.542738 0.480888
vt 0.545487 1.000000
vt 0.534449 0.480892
vt 0.541411 0.999997
vt 0.532570 0.480892
vt 0.540487 0.999997
vt 0.537980 0.480892
vt 0.543148 0.999997
vt 0.548148 0.000003
vt 0.560235 0.000000
vt 0.566667 0.000003
vt 0.564433 0.000003
vt 0.554579 0.000003
vt 0.541717 0.000003
vt 0.531863 0.000003
vt 0.529629 0.000003
vt 0.536061 0.000000
vt 0.548148 0.480892
vt 0.548148 1.000000
vt 0.558316 0.480888
vt 0.553148 1.000000
vt 0.563726 0.480888
vt 0.555809 1.000000
vt 0.561847 0.480888
vt 0.554885 0.999997
vt 0.553558 0.480892
vt 0.550809 0.999997
vt 0.542738 0.480892
vt 0.545487 0.999997
vt 0.534449 0.480888
vt 0.541411 0.999997
vt 0.532570 0.480888
vt 0.540487 1.000000
vt 0.537980 0.480888
vt 0.543148 1.000000
vt 0.548148 0.000000
vt 0.560235 0.000003
vt 0.566667 0.000000
vt 0.564433 0.000003
vt 0.554579 0.000000
vt 0.541717 0.000000
vt 0.531863 0.000003
vt 0.529629 0.000000
vt 0.536061 0.000003
vt 0.548148 0.480888
vt 0.548148 0.999997
vt 0.558316 0.480888
vt 0.553148 0.999997
vt 0.563726 0.480888
vt 0.555809 1.000000
vt 0.561847 0.480888
vt 0.554885 1.000000
vt 0.553558 0.480888
vt 0.550809 0.999997
vt 0.542738 0.480888
vt 0.545487 0.999997
vt 0.534449 0.480888
vt 0.541411 1.000000
vt 0.532570 0.480888
vt 0.540487 1.000000
vt 0.537980 0.480888
vt 0.543148 0.999997
vt 0.548148 0.000000
vt 0.560235 0.000003
vt 0.566667 0.000003
vt 0.564433 0.000000
vt 0.554579 0.000000
vt 0.541717 0.000000
vt 0.531863 0.000000
vt 0.529629 0.000003
vt 0.536061 0.000003
vt 0.500000 0.480888
vt 0.500000 0.999997
vt 0.510168 0.480892
vt 0.505000 0.999997
vt 0.515578 0.480888
vt 0.507661 0.999997
vt 0.513699 0.480892
vt 0.506737 1.000000
vt 0.505410 0.480888
vt 0.502660 0.999997
vt 0.494590 0.480888
vt 0.497339 0.999997
vt 0.486301 0.480892
vt 0.493263 1.000000
vt 0.484422 0.480888
vt 0.492339 0.999997
vt 0.489832 0.480892
vt 0.495000 0.999997
vt 0.500000 0.000000
vt 0.512087 0.000003
vt 0.518518 0.000003
vt 0.516285 0.000000
vt 0.506431 0.000000
vt 0.493568 0.000000
vt 0.483715 0.000000
vt 0.481481 0.000003
vt 0.487913 0.000003
vt 0.500000 0.480888
vt 0.500000 0.999997
vt 0.510168 0.480892
vt 0.505000 0.999997
vt 0.515578 0.480892
vt 0.507661 0.999997
vt 0.513699 0.480892
vt 0.506737 0.999997
vt 0.505410 0.480888
vt 0.502660 1.000000
vt 0.494590 0.480888
vt 0.497339 1.000000
vt 0.486301 0.480892
vt 0.493263 0.999997
vt 0.484422 0.480892
vt 0.492339 0.999997
vt 0.489832 0.480892
vt 0.495000 0.999997
vt 0.500000 0.000003
vt 0.512087 0.000000
vt 0.518518 0.000003
vt 0.516285 0.000003
vt 0.506431 0.000003
vt 0.493568 0.000003
vt 0.483715 0.000003
vt 0.481481 0.000003
vt 0.487913 0.000000
vt 0.500000 0.480892
vt 0.500000 1.000000
vt 0.510168 0.480888
vt 0.505000 1.000000
vt 0.515578 0.480888
vt 0.507661 1.000000
vt 0.513699 0.480888
vt 0.506737 0.999997
vt 0.505410 0.480892
vt 0.502660 0.999997
vt 0.494590 0.480892
vt 0.497339 0.999997
vt 0.486301 0.480888
vt 0.493263 0.999997
vt 0.484422 0.480888
vt 0.492339 1.000000
vt 0.489832 0.480888
vt 0.495000 1.000000
vt 0.500000 0.000000
vt 0.512087 0.000003
vt 0.518518 0.000000
vt 0.516285 0.000003
vt 0.506431 0.000000
vt 0.493568 0.000000
vt 0.483715 0.000003
vt 0.481481 0.000000
vt 0.487913 0.000003
vt 0.500000 0.480888
vt 0.500000 0.999997
vt 0.510168 0.480888
vt 0.505000 0.999997
vt 0.515578 0.480888
vt 0.507661 1.000000
vt 0.513699 0.480888
vt 0.506737 1.000000
vt 0.505410 0.480888
vt 0.502660 0.999997
vt 0.494590 0.480888
vt 0.497339 0.999997
vt 0.486301 0.480888
vt 0.493263 1.000000
vt 0.484422 0.480888
vt 0.492339 1.000000
vt 0.489832 0.480888
vt 0.495000 0.999997
vt 0.500000 0.000000
vt 0.512087 0.000003
vt 0.518518 0.000003
vt 0.516285 0.000000
vt 0.506431 0.000000
vt 0.493568 0.000000
vt 0.483715 0.000000
vt 0.481481 0.000003
vt 0.487913 0.000003
vt 0.451852 0.480888
vt 0.451852 0.999997
vt 0.462020 0.480892
vt 0.456852 0.999997
vt 0.467430 0.480888
vt 0.459512 0.999997
vt 0.465551 0.480892
vt 0.458588 1.000000
vt 0.457262 0.480888
vt 0.454512 0.999997
vt 0.446441 0.480888
vt 0.449191 0.999997
vt 0.438152 0.480892
vt 0.445115 1.000000
vt 0.436273 0.480888
vt 0.444191 0.999997
vt 0.441684 0.480892
vt 0.446852 0.999997
vt 0.451852 0.000000
vt 0.463939 0.000003
vt 0.470370 0.000003
vt 0.468137 0.000000
vt 0.458283 0.000000
vt 0.445420 0.000000
vt 0.435567 0.000000
vt 0.433333 0.000003
vt 0.439765 0.000003
vt 0.451852 0.480888
vt 0.451852 0.999997
vt 0.462020 0.480892
vt 0.456852 0.999997
vt 0.467430 0.480892
vt 0.459512 0.999997
vt 0.465551 0.480892
vt 0.458588 0.999997
vt 0.457262 0.480888
vt 0.454512 1.000000
vt 0.446441 0.480888
vt 0.449191 1.000000
vt 0.438152 0.480892
vt 0.445115 0.999997
vt 0.436273 0.480892
vt 0.444191 0.999997
vt 0.441684 0.480892
vt 0.446852 0.999997
vt 0.451852 0.000003
vt 0.463939 0.000000
vt 0.470370 0.000003
vt 0.468137 0.000003
vt 0.458283 0.000003
vt 0.445420 0.000003
vt 0.435567 0.000003
vt 0.433333 0.000003
vt 0.439765 0.000000
vt 0.451852 0.480892
vt 0.451852 1.000000
vt 0.462020 0.480888
vt 0.456852 1.000000
vt 0.467430 0.480888
vt 0.459512 1.000000
vt 0.465551 0.480888
vt 0.458588 0.999997
vt 0.457262 0.480892
vt 0.454512 0.999997
vt 0.446441 0.480892
vt 0.449191 0.999997
vt 0.438152 0.480888
vt 0.445115 0.999997
vt 0.436273 0.480888
vt 0.444191 1.000000
vt 0.441684 0.480888
vt 0.446852 1.000000
vt 0.451852 0.000000
vt 0.463939 0.000003
vt 0.470370 0.000000
vt 0.468137 0.000003
vt 0.458283 0.000000
vt 0.445420 0.000000
vt 0.435567 0.000003
vt 0.433333 0.000000
vt 0.439765 0.000003
vt 0.451852 0.480888
vt 0.451852 0.999997
vt 0.462020 0.480888
vt 0.456852 0.999997
vt 0.467430 0.480888
vt 0.459512 1.000000
vt 0.465551 0.480888
vt 0.458588 1.000000
vt 0.457262 0.480888
vt 0.454512 0.999997
vt 0.446441 0.480888
vt 0.449191 0.999997
vt 0.438152 0.480888
vt 0.445115 1.000000
vt 0.436273 0.480888
vt 0.444191 1.000000
vt 0.441684 0.480888
vt 0.446852 0.999997
vt 0.451852 0.000000
vt 0.463939 0.000003
vt 0.470370 0.000003
vt 0.468137 0.000000
vt 0.458283 0.000000
vt 0.445420 0.000000
vt 0.435567 0.000000
vt 0.433333 0.000003
vt 0.439765 0.000003
vt 0.403704 0.480888
vt 0.403704 0.999997
vt 0.413872 0.480892
vt 0.408704 0.999997
vt 0.419282 0.480888
vt 0.411364 0.999997
vt 0.417403 0.480892
vt 0.410440 1.000000
vt 0.409114 0.480888
vt 0.406364 0.999997
vt 0.398293 0.480888
vt 0.401043 0.999997
vt 0.390004 0.480892
vt 0.396967 1.000000
vt 0.388125 0.480888
vt 0.396043 0.999997
vt 0.393536 0.480892
vt 0.398703 0.999997
vt 0.403704 0.000000
vt 0.415791 0.000003
vt 0.422222 0.000003
vt 0.419988 0.000000
vt 0.410135 0.000000
vt 0.397272 0.000000
vt 0.387419 0.000000
vt 0.385185 0.000003
vt 0.391616 0.000003
vt 0.403704 0.480888
vt 0.403704 0.999997
vt 0.413872 0.480892
vt 0.408704 0.999997
vt 0.419282 0.480892
vt 0.411364 0.999997
vt 0.417403 0.480892
vt 0.410440 0.999997
vt 0.409114 0.480888
vt 0.406364 1.000000
vt 0.398293 0.480888
vt 0.401043 1.000000
vt 0.390004 0.480892
vt 0.396967 0.999997
vt 0.388125 0.480892
vt 0.396043 0.999997
vt 0.393536 0.480892
vt 0.398703 0.999997
vt 0.403704 0.000003
vt 0.415791 0.000000
vt 0.422222 0.000003
vt 0.419988 0.000003
vt 0.410135 0.000003
vt 0.397272 0.000003
vt 0.387419 0.000003
vt 0.385185 0.000003
vt 0.391616 0.000000
vt 0.403704 0.480892
vt 0.403704 1.000000
vt 0.413872 0.480888
vt 0.408704 1.000000
vt 0.419282 0.480888
vt 0.411364 1.000000
vt 0.417403 0.480888
vt 0.410440 0.999997
vt 0.409114 0.480892
vt 0.406364 0.999997
vt 0.398293 0.480892
vt 0.401043 0.999997
vt 0.390004 0.480888
vt 0.396967 0.999997
vt 0.388125 0.480888
vt 0.396043 1.000000
vt 0.393536 0.480888
vt 0.398703 1.000000
vt 0.403704 0.000000
vt 0.415791 0.000003
vt 0.422222 0.000000
vt 0.419988 0.000003
vt 0.410135 0.000000
vt 0.397272 0.000000
vt 0.387419 0.000003
vt 0.385185 0.000000
vt 0.391616 0.000003
vt 0.403704 0.480888
vt 0.403704 0.999997
vt 0.413872 0.480888
vt 0.408704 0.999997
vt 0.419282 0.480888
vt 0.411364 1.000000
vt 0.417403 0.480888
vt 0.410440 1.000000
vt 0.409114 0.480888
vt 0.406364 0.999997
vt 0.398293 0.480888
vt 0.401043 0.999997
vt 0.390004 0.480888
vt 0.396967 1.000000
vt 0.388125 0.480888
vt 0.396043 1.000000
vt 0.393536 0.480888
vt 0.398703 0.999997
vt 0.403704 0.000000
vt 0.415791 0.000003
vt 0.422222 0.000003
vt 0.419988 0.000000
vt 0.410135 0.000000
vt 0.397272 0.000000
vt 0.387419 0.000000
vt 0.385185 0.000003
vt 0.391616 0.000003
vt 0.355555 0.480888
vt 0.355555 0.999997
vt 0.365723 0.480892
vt 0.360556 0.999997
vt 0.371134 0.480888
vt 0.363216 0.999997
vt 0.369255 0.480892
vt 0.362292 1.000000
vt 0.360966 0.480888
vt 0.358216 0.999997
vt 0.350145 0.480888
vt 0.352895 0.999997
vt 0.341856 0.480892
vt 0.348819 1.000000
vt 0.339977 0.480888
vt 0.347895 0.999997
vt 0.345387 0.480892
vt 0.350555 0.999997
vt 0.355555 0.000000
vt 0.367642 0.000003
vt 0.374074 0.000003
vt 0.371840 0.000000
vt 0.361987 0.000000
vt 0.349124 0.000000
vt 0.339271 0.000000
vt 0.337037 0.000003
vt 0.343468 0.000003
vt 0.355555 0.480888
vt 0.355555 0.999997
vt 0.365723 0.480892
vt 0.360556 0.999997
vt 0.371134 0.480892
vt 0.363216 0.999997
vt 0.369255 0.480892
vt 0.362292 0.999997
vt 0.360966 0.480888
vt 0.358216 1.000000
vt 0.350145 0.480888
vt 0.352895 1.000000
vt 0.341856 0.480892
vt 0.348819 0.999997
vt 0.339977 0.480892
vt 0.347895 0.999997
vt 0.345387 0.480892
vt 0.350555 0.999997
vt 0.355555 0.000003
vt 0.367642 0.000000
vt 0.374074 0.000003
vt 0.371840 0.000003
vt 0.361987 0.000003
vt 0.349124 0.000003
vt 0.339271 0.000003
vt 0.337037 0.000003
vt 0.343468 0.000000
vt 0.355555 0.480892
vt 0.355555 1.000000
vt 0.365723 0.480888
vt 0.360556 1.000000
vt 0.371134 0.480888
vt 0.363216 1.000000
vt 0.369255 0.480888
vt 0.362292 0.999997
vt 0.360966 0.480892
vt 0.358216 0.999997
vt 0.350145 0.480892
vt 0.352895 0.999997
vt 0.341856 0.480888
vt 0.348819 0.999997
vt 0.339977 0.480888
vt 0.347895 1.000000
vt 0.345387 0.480888
vt 0.350555 1.000000
vt 0.355555 0.000000
vt 0.367642 0.000003
vt 0.374074 0.000000
vt 0.371840 0.000003
vt 0.361987 0.000000
vt 0.349124 0.000000
vt 0.339271 0.000003
vt 0.337037 0.000000
vt 0.343468 0.000003
vt 0.355555 0.480888
vt 0.355555 0.999997
vt 0.365723 0.480888
vt 0.360556 0.999997
vt 0.371134 0.480888
vt 0.363216 1.000000
vt 0.369255 0.480888
vt 0.362292 1.000000
vt 0.360966 0.480888
vt 0.358216 0.999997
vt 0.350145 0.480888
vt 0.352895 0.999997
vt 0.341856 0.480888
vt 0.348819 1.000000
vt 0.339977 0.480888
vt 0.347895 1.000000
vt 0.345387 0.480888
vt 0.350555 0.999997
vt 0.355555 0.000000
vt 0.367642 0.000003
vt 0.374074 0.000003
vt 0.371840 0.000000
vt 0.361987 0.000000
vt 0.349124 0.000000
vt 0.339271 0.000000
vt 0.337037 0.000003
vt 0.343468 0.000003
vt 0.307407 0.480888
vt 0.307407 0.999997
vt 0.317575 0.480892
vt 0.312407 0.999997
vt 0.322986 0.480888
vt 0.315068 0.999997
vt 0.321107 0.480892
vt 0.314144 1.000000
vt 0.312818 0.480888
vt 0.310068 0.999997
vt 0.301997 0.480888
vt 0.304747 0.999997
vt 0.293708 0.480892
vt 0.300671 1.000000
vt 0.291829 0.480888
vt 0.299746 0.999997
vt 0.297239 0.480892
vt 0.302407 0.999997
vt 0.307407 0.000000
vt 0.319494 0.000003
vt 0.325926 0.000003
vt 0.323692 0.000000
vt 0.313839 0.000000
vt 0.300976 0.000000
vt 0.291122 0.000000
vt 0.288889 0.000003
vt 0.295320 0.000003
vt 0.307407 0.480888
vt 0.307407 0.999997
vt 0.317575 0.480892
vt 0.312407 0.999997
vt 0.322986 0.480892
vt 0.315068 0.999997
vt 0.321107 0.480892
vt 0.314144 0.999997
vt 0.312818 0.480888
vt 0.310068 1.000000
vt 0.301997 0.480888
vt 0.304747 1.000000
vt 0.293708 0.480892
vt 0.300671 0.999997
vt 0.291829 0.480892
vt 0.299746 0.999997
vt 0.297239 0.480892
vt 0.302407 0.999997
vt 0.307407 0.000003
vt 0.319494 0.000000
vt 0.325926 0.000003
vt 0.323692 0.000003
vt 0.313839 0.000003
vt 0.300976 0.000003
vt 0.291122 0.000003
vt 0.288889 0.000003
vt 0.295320 0.000000
vt 0.307407 0.480892
vt 0.307407 1.000000
vt 0.317575 0.480888
vt 0.312407 1.000000
vt 0.322986 0.480888
vt 0.315068 1.000000
vt 0.321107 0.480888
vt 0.314144 0.999997
vt 0.312818 0.480892
vt 0.310068 0.999997
vt 0.301997 0.480892
vt 0.304747 0.999997
vt 0.293708 0.480888
vt 0.300671 0.999997
vt 0.291829 0.480888
vt 0.299746 1.000000
vt 0.297239 0.480888
vt 0.302407 1.000000
vt 0.307407 0.000000
vt 0.319494 0.000003
vt 0.325926 0.000000
vt 0.323692 0.000003
vt 0.313839 0.000000
vt 0.300976 0.000000
vt 0.291122 0.000003
vt 0.288889 0.000000
vt 0.295320 0.000003
vt 0.307407 0.480888
vt 0.307407 0.999997
vt 0.317575 0.480888
vt 0.312407 0.999997
vt 0.322986 0.480888
vt 0.315068 1.000000
vt 0.321107 0.480888
vt 0.314144 1.000000
vt 0.312818 0.480888
vt 0.310068 0.999997
vt 0.301997 0.480888
vt 0.304747 0.999997
vt 0.293708 0.480888
vt 0.300671 1.000000
vt 0.291829 0.480888
vt 0.299746 1.000000
vt 0.297239 0.480888
vt 0.302407 0.999997
vt 0.307407 0.000000
vt 0.319494 0.000003
vt 0.325926 0.000003
vt 0.323692 0.000000
vt 0.313839 0.000000
vt 0.300976 0.000000
vt 0.291122 0.000000
vt 0.288889 0.000003
vt 0.295320 0.000003
vt 0.259259 0.480888
vt 0.259259 0.999997
vt 0.269427 0.480892
vt 0.264259 0.999997
vt 0.274837 0.480888
vt 0.266920 0.999997
vt 0.272959 0.480892
vt 0.265996 1.000000
vt 0.264670 0.480888
vt 0.261920 0.999997
vt 0.253849 0.480888
vt 0.256599 0.999997
vt 0.245560 0.480892
vt 0.252522 1.000000
vt 0.243681 0.480888
vt 0.251598 0.999997
vt 0.249091 0.480892
vt 0.254259 0.999997
vt 0.259259 0.000000
vt 0.271346 0.000003
vt 0.277778 0.000003
vt 0.275544 0.000000
vt 0.265691 0.000000
vt 0.252828 0.000000
vt 0.242974 0.000000
vt 0.240741 0.000003
vt 0.247172 0.000003
vt 0.259259 0.480888
vt 0.259259 0.999997
vt 0.269427 0.480892
vt 0.264259 0.999997
vt 0.274837 0.480892
vt 0.266920 0.999997
vt 0.272959 0.480892
vt 0.265996 0.999997
vt 0.264670 0.480888
vt 0.261920 1.000000
vt 0.253849 0.480888
vt 0.256599 1.000000
vt 0.245560 0.480892
vt 0.252522 0.999997
vt 0.243681 0.480892
vt 0.251598 0.999997
vt 0.249091 0.480892
vt 0.254259 0.999997
vt 0.259259 0.000003
vt 0.271346 0.000000
vt 0.277778 0.000003
vt 0.275544 0.000003
vt 0.265691 0.000003
vt 0.252828 0.000003
vt 0.242974 0.000003
vt 0.240741 0.000003
vt 0.247172 0.000000
vt 0.259259 0.480892
vt 0.259259 1.000000
vt 0.269427 0.480888
vt 0.264259 1.000000
vt 0.274837 0.480888
vt 0.266920 1.000000
vt 0.272959 0.480888
vt 0.265996 0.999997
vt 0.264670 0.480892
vt 0.261920 0.999997
vt 0.253849 0.480892
vt 0.256599 0.999997
vt 0.245560 0.480888
vt 0.252522 0.999997
vt 0.243681 0.480888
vt 0.251598 1.000000
vt 0.249091 0.480888
vt 0.254259 1.000000
vt 0.259259 0.000000
vt 0.271346 0.000003
vt 0.277778 0.000000
vt 0.275544 0.000003
vt 0.265691 0.000000
vt 0.252828 0.000000
vt 0.242974 0.000003
vt 0.240741 0.000000
vt 0.247172 0.000003
vt 0.259259 0.480888
vt 0.259259 0.999997
vt 0.269427 0.480888
vt 0.264259 0.999997
vt 0.274837 0.480888
vt 0.266920 1.000000
vt 0.272959 0.480888
vt 0.265996 1.000000
vt 0.264670 0.480888
vt 0.261920 0.999997
vt 0.253849 0.480888
vt 0.256599 0.999997
vt 0.245560 0.480888
vt 0.252522 1.000000
vt 0.243681 0.480888
vt 0.251598 1.000000
vt 0.249091 0.480888
vt 0.254259 0.999997
vt 0.259259 0.000000
vt 0.271346 0.000003
vt 0.277778 0.000003
vt 0.275544 0.000000
vt 0.265691 0.000000
vt 0.252828 0.000000
vt 0.242974 0.000000
vt 0.240741 0.000003
vt 0.247172 0.000003
vt 0.211111 0.480888
vt 0.211111 0.999997
vt 0.221279 0.480892
vt 0.216111 0.999997
vt 0.226689 0.480888
vt 0.218772 0.999997
vt 0.224810 0.480892
vt 0.217848 1.000000
vt 0.216521 0.480888
vt 0.213772 0.999997
vt 0.205701 0.480888
vt 0.208450 0.999997
vt 0.197412 0.480892
vt 0.204374 1.000000
vt 0.195533 0.480888
vt 0.203450 0.999997
vt 0.200943 0.480892
vt 0.206111 0.999997
vt 0.211111 0.000000
vt 0.223198 0.000003
vt 0.229630 0.000003
vt 0.227396 0.000000
vt 0.217542 0.000000
vt 0.204680 0.000000
vt 0.194826 0.000000
vt 0.192593 0.000003
vt 0.199024 0.000003
vt 0.211111 0.480888
vt 0.211111 0.999997
vt 0.221279 0.480892
vt 0.216111 0.999997
vt 0.226689 0.480892
vt 0.218772 0.999997
vt 0.224810 0.480892
vt 0.217848 0.999997
vt 0.216521 0.480888
vt 0.213772 1.000000
vt 0.205701 0.480888
vt 0.208450 1.000000
vt 0.197412 0.480892
vt 0.204374 0.999997
vt 0.195533 0.480892
vt 0.203450 0.999997
vt 0.200943 0.480892
vt 0.206111 0.999997
vt 0.211111 0.000003
vt 0.223198 0.000000
vt 0.229630 0.000003
vt 0.227396 0.000003
vt 0.217542 0.000003
vt 0.204680 0.000003
vt 0.194826 0.000003
vt 0.192593 0.000003
vt 0.199024 0.000000
vt 0.211111 0.480892
vt 0.211111 1.000000
vt 0.221279 0.480888
vt 0.216111 1.000000
vt 0.226689 0.480888
vt 0.218772 1.000000
vt 0.224810 0.480888
vt 0.217848 0.999997
vt 0.216521 0.480892
vt 0.213772 0.999997
vt 0.205701 0.480892
vt 0.208450 0.999997
vt 0.197412 0.480888
vt 0.204374 0.999997
vt 0.195533 0.480888
vt 0.203450 1.000000
vt 0.200943 0.480888
vt 0.206111 1.000000
vt 0.211111 0.000000
vt 0.223198 0.000003
vt 0.229630 0.000000
vt 0.227396 0.000003
vt 0.217542 0.000000
vt 0.204680 0.000000
vt 0.194826 0.000003
vt 0.192593 0.000000
vt 0.199024 0.000003
vt 0.211111 0.480888
vt 0.211111 0.999997
vt 0.221279 0.480888
vt 0.216111 0.999997
vt 0.226689 0.480888
vt 0.218772 1.000000
vt 0.224810 0.480888
vt 0.217848 1.000000
vt 0.216521 0.480888
vt 0.213772 0.999997
vt 0.205701 0.480888
vt 0.208450 0.999997
vt 0.197412 0.480888
vt 0.204374 1.000000
vt 0.195533 0.480888
vt 0.203450 1.000000
vt 0.200943 0.480888
vt 0.206111 0.999997
vt 0.211111 0.000000
vt 0.223198 0.000003
vt 0.229630 0.000003
vt 0.227396 0.000000
vt 0.217542 0.000000
vt 0.204680 0.000000
vt 0.194826 0.000000
vt 0.192593 0.000003
vt 0.199024 0.000003
vt 0.162963 0.480888
vt 0.162963 0.999997
vt 0.173131 0.480892
vt 0.167963 0.999997
vt 0.178541 0.480888
vt 0.170624 0.999997
vt 0.176662 0.480892
vt 0.169700 1.000000
vt 0.168373 0.480888
vt 0.165623 0.999997
vt 0.157553 0.480888
vt 0.160302 0.999997
vt 0.149264 0.480892
vt 0.156226 1.000000
vt 0.147385 0.480888
vt 0.155302 0.999997
vt 0.152795 0.480892
vt 0.157963 0.999997
vt 0.162963 0.000000
vt 0.175050 0.000003
vt 0.181481 0.000003
vt 0.179248 0.000000
vt 0.169394 0.000000
vt 0.156532 0.000000
vt 0.146678 0.000000
vt 0.144444 0.000003
vt 0.150876 0.000003
vt 0.162963 0.480888
vt 0.162963 0.999997
vt 0.173131 0.480892
vt 0.167963 0.999997
vt 0.178541 0.480892
vt 0.170624 0.999997
vt 0.176662 0.480892
vt 0.169700 0.999997
vt 0.168373 0.480888
vt 0.165623 1.000000
vt 0.157553 0.480888
vt 0.160302 1.000000
vt 0.149264 0.480892
vt 0.156226 0.999997
vt 0.147385 0.480892
vt 0.155302 0.999997
vt 0.152795 0.480892
vt 0.157963 0.999997
vt 0.162963 0.000003
vt 0.175050 0.000000
vt 0.181481 0.000003
vt 0.179248 0.000003
vt 0.169394 0.000003
vt 0.156532 0.000003
vt 0.146678 0.000003
vt 0.144444 0.000003
vt 0.150876 0.000000
vt 0.162963 0.480892
vt 0.162963 1.000000
vt 0.173131 0.480888
vt 0.167963 1.000000
vt 0.178541 0.480888
vt 0.170624 1.000000
vt 0.176662 0.480888
vt 0.169700 0.999997
vt 0.168373 0.480892
vt 0.165623 0.999997
vt 0.157553 0.480892
vt 0.160302 0.999997
vt 0.149264 0.480888
vt 0.156226 0.999997
vt 0.147385 0.480888
vt 0.155302 1.000000
vt 0.152795 0.480888
vt 0.157963 1.000000
vt 0.162963 0.000000
vt 0.175050 0.000003
vt 0.181481 0.000000
vt 0.179248 0.000003
vt 0.169394 0.000000
vt 0.156532 0.000000
vt 0.146678 0.000003
vt 0.144444 0.000000
vt 0.150876 0.000003
vt 0.162963 0.480888
vt 0.162963 0.999997
vt 0.173131 0.480888
vt 0.167963 0.999997
vt 0.178541 0.480888
vt 0.170624 1.000000
vt 0.176662 0.480888
vt 0.169700 1.000000
vt 0.168373 0.480888
vt 0.165623 0.999997
vt 0.157553 0.480888
vt 0.160302 0.999997
vt 0.149264 0.480888
vt 0.156226 1.000000
vt 0.147385 0.480888
vt 0.155302 1.000000
vt 0.152795 0.480888
vt 0.157963 0.999997
vt 0.162963 0.000000
vt 0.175050 0.000003
vt 0.181481 0.000003
vt 0.179248 0.000000
vt 0.169394 0.000000
vt 0.156532 0.000000
vt 0.146678 0.000000
vt 0.144444 0.000003
vt 0.150876 0.000003
vt 0.114815 0.480888
vt 0.114815 0.999997
vt 0.124983 0.480892
vt 0.119815 0.999997
vt 0.130393 0.480888
vt 0.122476 0.999997
vt 0.128514 0.480892
vt 0.121552 1.000000
vt 0.120225 0.480888
vt 0.117475 0.999997
vt 0.109405 0.480888
vt 0.112154 0.999997
vt 0.101115 0.480892
vt 0.108078 1.000000
vt 0.099237 0.480888
vt 0.107154 0.999997
vt 0.104647 0.480892
vt 0.109815 0.999997
vt 0.114815 0.000000
vt 0.126902 0.000003
vt 0.133333 0.000003
vt 0.131100 0.000000
vt 0.121246 0.000000
vt 0.108383 0.000000
vt 0.098530 0.000000
vt 0.096296 0.000003
vt 0.102728 0.000003
vt 0.114815 0.480888
vt 0.114815 0.999997
vt 0.124983 0.480892
vt 0.119815 0.999997
vt 0.130393 0.480892
vt 0.122476 0.999997
vt 0.128514 0.480892
vt 0.121552 0.999997
vt 0.120225 0.480888
vt 0.117475 1.000000
vt 0.109405 0.480888
vt 0.112154 1.000000
vt 0.101115 0.480892
vt 0.108078 0.999997
vt 0.099237 0.480892
vt 0.107154 0.999997
vt 0.104647 0.480892
vt 0.109815 0.999997
vt 0.114815 0.000003
vt 0.126902 0.000000
vt 0.133333 0.000003
vt 0.131100 0.000003
vt 0.121246 0.000003
vt 0.108383 0.000003
vt 0.098530 0.000003
vt 0.096296 0.000003
vt 0.102728 0.000000
vt 0.114815 0.480892
vt 0.114815 1.000000
vt 0.124983 0.480888
vt 0.119815 1.000000
vt 0.130393 0.480888
vt 0.122476 1.000000
vt 0.128514 0.480888
vt 0.121552 0.999997
vt 0.120225 0.480892
vt 0.117475 0.999997
vt 0.109405 0.480892
vt 0.112154 0.999997
vt 0.101115 0.480888
vt 0.108078 0.999997
vt 0.099237 0.480888
vt 0.107154 1.000000
vt 0.104647 0.480888
vt 0.109815 1.000000
vt 0.114815 0.000000
vt 0.126902 0.000003
vt 0.133333 0.000000
vt 0.131100 0.000003
vt 0.121246 0.000000
vt 0.108383 0.000000
vt 0.098530 0.000003
vt 0.096296 0.000000
vt 0.102728 0.000003
vt 0.114815 0.480888
vt 0.114815 0.999997
vt 0.124983 0.480888
vt 0.119815 0.999997
vt 0.130393 0.480888
vt 0.122476 1.000000
vt 0.128514 0.480888
vt 0.121552 1.000000
vt 0.120225 0.480888
vt 0.117475 0.999997
vt 0.109405 0.480888
vt 0.112154 0.999997
vt 0.101115 0.480888
vt 0.108078 1.000000
vt 0.099237 0.480888
vt 0.107154 1.000000
vt 0.104647 0.480888
vt 0.109815 0.999997
vt 0.114815 0.000000
vt 0.126902 0.000003
vt 0.133333 0.000003
vt 0.131100 0.000000
vt 0.121246 0.000000
vt 0.108383 0.000000
vt 0.098530 0.000000
vt 0.096296 0.000003
vt 0.102728 0.000003
vt 0.066667 0.480888
vt 0.066667 0.999997
vt 0.076835 0.480892
vt 0.071667 0.999997
vt 0.082245 0.480888
vt 0.074328 0.999997
vt 0.080366 0.480892
vt 0.073403 1.000000
vt 0.072077 0.480888
vt 0.069327 0.999997
vt 0.061256 0.480888
vt 0.064006 0.999997
vt 0.052967 0.480892
vt 0.059930 1.000000
vt 0.051088 0.480888
vt 0.059006 0.999997
vt 0.056499 0.480892
vt 0.061666 0.999997
vt 0.066667 0.000000
vt 0.078754 0.000003
vt 0.085185 0.000003
vt 0.082952 0.000000
vt 0.073098 0.000000
vt 0.060235 0.000000
vt 0.050382 0.000000
vt 0.048148 0.000003
vt 0.054580 0.000003
vt 0.066667 0.480888
vt 0.066667 0.999997
vt 0.076835 0.480892
vt 0.071667 0.999997
vt 0.082245 0.480892
vt 0.074328 0.999997
vt 0.080366 0.480892
vt 0.073403 0.999997
vt 0.072077 0.480888
vt 0.069327 1.000000
vt 0.061256 0.480888
vt 0.064006 1.000000
vt 0.052967 0.480892
vt 0.059930 0.999997
vt 0.051088 0.480892
vt 0.059006 0.999997
vt 0.056499 0.480892
vt 0.061666 0.999997
vt 0.066667 0.000003
vt 0.078754 0.000000
vt 0.085185 0.000003
vt 0.082952 0.000003
vt 0.073098 0.000003
vt 0.060235 0.000003
vt 0.050382 0.000003
vt 0.048148 0.000003
vt 0.054580 0.000000
vt 0.066667 0.480892
vt 0.066667 1.000000
vt 0.076835 0.480888
vt 0.071667 1.000000
vt 0.082245 0.480888
vt 0.074328 1.000000
vt 0.080366 0.480888
vt 0.073403 0.999997
vt 0.072077 0.480892
vt 0.069327 0.999997
vt 0.061256 0.480892
vt 0.064006 0.999997
vt 0.052967 0.480888
vt 0.059930 0.999997
vt 0.051088 0.480888
vt 0.059006 1.000000
vt 0.056499 0.480888
vt 0.061666 1.000000
vt 0.066667 0.000000
vt 0.078754 0.000003
vt 0.085185 0.000000
vt 0.082952 0.000003
vt 0.073098 0.000000
vt 0.060235 0.000000
vt 0.050382 0.000003
vt 0.048148 0.000000
vt 0.054580 0.000003
vt 0.066667 0.480888
vt 0.066667 0.999997
vt 0.076835 0.480888
vt 0.071667 0.999997
vt 0.082245 0.480888
vt 0.074328 1.000000
vt 0.080366 0.480888
vt 0.073403 1.000000
vt 0.072077 0.480888
vt 0.069327 0.999997
vt 0.061256 0.480888
vt 0.064006 0.999997
vt 0.052967 0.480888
vt 0.059930 1.000000
vt 0.051088 0.480888
vt 0.059006 1.000000
vt 0.056499 0.480888
vt 0.061666 0.999997
vt 0.066667 0.000000
vt 0.078754 0.000003
vt 0.085185 0.000003
vt 0.082952 0.000000
vt 0.073098 0.000000
vt 0.060235 0.000000
vt 0.050382 0.000000
vt 0.048148 0.000003
vt 0.054580 0.000003
vt 0.018519 0.480888
vt 0.018519 0.999997
vt 0.028687 0.480892
vt 0.023519 0.999997
vt 0.034097 0.480888
vt 0.026179 0.999997
vt 0.032218 0.480892
vt 0.025255 1.000000
vt 0.023929 0.480888
vt 0.021179 0.999997
vt 0.013108 0.480888
vt 0.015858 0.999997
vt 0.004819 0.480892
vt 0.011782 1.000000
vt 0.002940 0.480888
vt 0.010858 0.999997
vt 0.008351 0.480892
vt 0.013518 0.999997
vt 0.018519 0.000000
vt 0.030606 0.000003
vt 0.037037 0.000003
vt 0.034803 0.000000
vt 0.024950 0.000000
vt 0.012087 0.000000
vt 0.002234 0.000000
vt 0.000000 0.000003
vt 0.006431 0.000003
vt 0.018519 0.480888
vt 0.018519 0.999997
vt 0.028687 0.480892
vt 0.023519 0.999997
vt 0.034097 0.480892
vt 0.026179 0.999997
vt 0.032218 0.480892
vt 0.025255 0.999997
vt 0.023929 0.480888
vt 0.021179 1.000000
vt 0.013108 0.480888
vt 0.015858 1.000000
vt 0.004819 0.480892
vt 0.011782 0.999997
vt 0.002940 0.480892
vt 0.010858 0.999997
vt 0.008351 0.480892
vt 0.013518 0.999997
vt 0.018519 0.000003
vt 0.030606 0.000000
vt 0.037037 0.000003
vt 0.034803 0.000003
vt 0.024950 0.000003
vt 0.012087 0.000003
vt 0.002234 0.000003
vt 0.000000 0.000003
vt 0.006431 0.000000
vt 0.018519 0.480892
vt 0.018519 1.000000
vt 0.028687 0.480888
vt 0.023519 1.000000
vt 0.034097 0.480888
vt 0.026179 1.000000
vt 0.032218 0.480888
vt 0.025255 0.999997
vt 0.023929 0.480892
vt 0.021179 0.999997
vt 0.013108 0.480892
vt 0.015858 0.999997
vt 0.004819 0.480888
vt 0.011782 0.999997
vt 0.002940 0.480888
vt 0.010858 1.000000
vt 0.008351 0.480888
vt 0.013518 1.000000
vt 0.018519 0.000000
vt 0.030606 0.000003
vt 0.037037 0.000000
vt 0.034803 0.000003
vt 0.024950 0.000000
vt 0.012087 0.000000
vt 0.002234 0.000003
vt 0.000000 0.000000
vt 0.006431 0.000003
vt 0.018519 0.480888
vt 0.018519 0.999997
vt 0.028687 0.480888
vt 0.023519 0.999997
vt 0.034097 0.480888
vt 0.026179 1.000000
vt 0.032218 0.480888
vt 0.025255 1.000000
vt 0.023929 0.480888
vt 0.021179 0.999997
vt 0.013108 0.480888
vt 0.015858 0.999997
vt 0.004819 0.480888
vt 0.011782 1.000000
vt 0.002940 0.480888
vt 0.010858 1.000000
vt 0.008351 0.480888
vt 0.013518 0.999997
vt 0.018519 0.000000
vt 0.030606 0.000003
vt 0.037037 0.000003
vt 0.034803 0.000000
vt 0.024950 0.000000
vt 0.012087 0.000000
vt 0.002234 0.000000
vt 0.000000 0.000003
vt 0.006431 0.000003
vt 1.000000 0.500000
vt 0.000000 0.500000
vt 0.000000 1.000000
vt 1.000000 1.000000
vt 0.968750 0.500000
vt 0.968750 1.000000
vt 0.937500 0.500000
vt 0.937500 1.000000
vt 0.906250 0.500000
vt 0.906250 1.000000
vt 0.875000 0.500000
vt 0.875000 1.000000
vt 0.843750 0.500000
vt 0.843750 1.000000
vt 0.812500 0.500000
vt 0.812500 1.000000
vt 0.781250 0.500000
vt 0.781250 1.000000
vt 0.750000 0.500000
vt 0.750000 1.000000
vt 0.718750 0.500000
vt 0.718750 1.000000
vt 0.687500 0.500000
vt 0.687500 1.000000
vt 0.656250 0.500000
vt 0.656250 1.000000
vt 0.625000 0.500000
vt 0.625000 1.000000
vt 0.593750 0.500000
vt 0.593750 1.000000
vt 0.562500 0.500000
vt 0.562500 1.000000
vt 0.531250 0.500000
vt 0.531250 1.000000
vt 0.500000 0.500000
vt 0.500000 1.000000
vt 0.468750 0.500000
vt 0.468750 1.000000
vt 0.437500 0.500000
vt 0.437500 1.000000
vt 0.406250 0.500000
vt 0.406250 1.000000
vt 0.375000 0.500000
vt 0.375000 1.000000
vt 0.343750 0.500000
vt 0.343750 1.000000
vt 0.312500 0.500000
vt 0.312500 1.000000
vt 0.281250 0.500000
vt 0.281250 1.000000
vt 0.250000 0.500000
vt 0.250000 1.000000
vt 0.218750 0.500000
vt 0.218750 1.000000
vt 0.187500 0.500000
vt 0.187500 1.000000
vt 0.156250 0.500000
vt 0.156250 1.000000
vt 0.125000 0.500000
vt 0.125000 1.000000
vt 0.093750 0.500000
vt 0.093750 1.000000
vt 0.062500 0.500000
vt 0.062500 1.000000
vt 0.031250 0.500000
vt 0.031250 1.000000
vt 1.000000 1.000000
vt 0.000000 1.000000
vt 1.000000 1.000000
vt 0.000000 1.000000
vt 0.968750 1.000000
vt 0.968750 1.000000
vt 0.937500 1.000000
vt 0.937500 1.000000
vt 0.906250 1.000000
vt 0.906250 1.000000
vt 0.875000 1.000000
vt 0.875000 1.000000
vt 0.843750 1.000000
vt 0.843750 1.000000
vt 0.812500 1.000000
vt 0.812500 1.000000
vt 0.781250 1.000000
vt 0.781250 1.000000
vt 0.750000 1.000000
vt 0.750000 1.000000
vt 0.718750 1.000000
vt 0.718750 1.000000
vt 0.687500 1.000000
vt 0.687500 1.000000
vt 0.656250 1.000000
vt 0.656250 1.000000
vt 0.625000 1.000000
vt 0.625000 1.000000
vt 0.593750 1.000000
vt 0.593750 1.000000
vt 0.562500 1.000000
vt 0.562500 1.000000
vt 0.531250 1.000000
vt 0.531250 1.000000
vt 0.500000 1.000000
vt 0.500000 1.000000
vt 0.468750 1.000000
vt 0.468750 1.000000
vt 0.437500 1.000000
vt 0.437500 1.000000
vt 0.406250 1.000000
vt 0.406250 1.000000
vt 0.375000 1.000000
vt 0.375000 1.000000
vt 0.343750 1.000000
vt 0.343750 1.000000
vt 0.312500 1.000000
vt 0.312500 1.000000
vt 0.281250 1.000000
vt 0.281250 1.000000
vt 0.250000 1.000000
vt 0.250000 1.000000
vt 0.218750 1.000000
vt 0.218750 1.000000
vt 0.187500 1.000000
vt 0.187500 1.000000
vt 0.156250 1.000000
vt 0.156250 1.000000
vt 0.125000 1.000000
vt 0.125000 1.000000
vt 0.093750 1.000000
vt 0.093750 1.000000
vt 0.062500 1.000000
vt 0.062500 1.000000
vt 0.031250 1.000000
vt 0.031250 1.000000
vt 0.250000 0.489436
vt 0.296712 0.484836
vt 0.341628 0.471210
vt 0.383023 0.449084
vt 0.419307 0.419307
vt 0.449084 0.383023
vt 0.471210 0.341628
vt 0.489436 0.250000
vt 0.484835 0.203288
vt 0.449084 0.116977
vt 0.419307 0.080693
vt 0.383024 0.050916
vt 0.341628 0.028790
vt 0.296712 0.015165
vt 0.250000 0.010564
vt 0.203288 0.015165
vt 0.158372 0.028790
vt 0.116977 0.050916
vt 0.080693 0.080693
vt 0.050916 0.116977
vt 0.015165 0.203288
vt 0.010564 0.250000
vt 0.028790 0.341628
vt 0.050916 0.383024
vt 0.080693 0.419307
vt 0.116977 0.449084
vt 0.158372 0.471210
vt 0.203288 0.484836
vt 0.487956 0.250000
vt 0.489436 0.250000
vt 0.483384 0.203577
vt 0.484835 0.203288
vt 0.016616 0.203577
vt 0.015165 0.203288
vt 0.012044 0.250000
vt 0.010564 0.250000
vt 0.483169 0.296712
vt 0.484907 0.296712
vt 0.484999 0.295048
vt 0.484956 0.296736
vt 0.484352 0.298306
vt 0.471709 0.160016
vt 0.471069 0.157909
vt 0.469544 0.158372
vt 0.470424 0.156902
vt 0.471323 0.158325
vt 0.030456 0.158372
vt 0.028559 0.158372
vt 0.028291 0.160016
vt 0.028677 0.158325
vt 0.029576 0.156902
vt 0.015001 0.295048
vt 0.015181 0.296874
vt 0.016831 0.296712
vt 0.015648 0.298306
vt 0.015045 0.296736
vt 0.360677 0.158372
vt 0.360686 0.160023
vt 0.139323 0.158372
vt 0.139314 0.160023
vt 0.367491 0.296712
vt 0.367336 0.295047
vt 0.132509 0.296712
vt 0.132664 0.295047
vt 0.480440 0.296712
vt 0.483520 0.295047
vt 0.484100 0.296712
vt 0.484999 0.295048
vt 0.470462 0.158372
vt 0.471709 0.160018
vt 0.466877 0.158372
vt 0.470172 0.160021
vt 0.033123 0.158372
vt 0.029828 0.160021
vt 0.029538 0.158372
vt 0.028291 0.160018
vt 0.015900 0.296712
vt 0.015001 0.295048
vt 0.019560 0.296712
vt 0.016480 0.295047
vt 0.272844 0.158372
vt 0.272852 0.160025
vt 0.227156 0.158372
vt 0.227148 0.160025
vt 0.227156 0.296712
vt 0.227148 0.295047
vt 0.272844 0.296712
vt 0.272852 0.295047
vt 0.156895 0.296712
vt 0.656250 0.594340
vt 0.217312 0.296712
vt 0.718750 0.594340
vt 0.185878 0.296712
vt 0.687500 0.594340
vt 0.249998 0.296712
vt 0.750000 0.594340
vt 0.406146 0.296712
vt 0.937500 0.594340
vt 0.407160 0.296712
vt 0.062500 0.594340
vt 0.389976 0.296712
vt 0.906250 0.594340
vt 0.368615 0.296712
vt 0.875000 0.594340
vt 0.416353 0.296712
vt 0.968750 0.594340
vt 0.417010 0.296712
vt 0.031250 0.594340
vt 0.420071 0.296712
vt 1.000000 0.594340
vt 0.000000 0.594340
vt 0.282683 0.296712
vt 0.781250 0.594340
vt 0.314117 0.296712
vt 0.812500 0.594340
vt 0.343100 0.296712
vt 0.843750 0.594340
vt 0.079925 0.296712
vt 0.500000 0.594340
vt 0.083642 0.296712
vt 0.531250 0.594340
vt 0.082985 0.296712
vt 0.468750 0.594340
vt 0.093849 0.296712
vt 0.562500 0.594340
vt 0.110019 0.296712
vt 0.593750 0.594340
vt 0.109170 0.296712
vt 0.406250 0.594340
vt 0.131261 0.296712
vt 0.375000 0.594340
vt 0.131380 0.296712
vt 0.625000 0.594340
vt 0.092836 0.296712
vt 0.437500 0.594340
vt 0.185857 0.296712
vt 0.312500 0.594340
vt 0.156866 0.296712
vt 0.343750 0.594340
vt 0.282688 0.296712
vt 0.218750 0.594340
vt 0.249998 0.296712
vt 0.250000 0.594340
vt 0.217307 0.296712
vt 0.281250 0.594340
vt 0.390825 0.296712
vt 0.093750 0.594340
vt 0.368735 0.296712
vt 0.125000 0.594340
vt 0.343129 0.296712
vt 0.156250 0.594340
vt 0.314139 0.296712
vt 0.187500 0.594340
vt 0.079559 0.158372
vt 0.500000 0.905660
vt 0.082570 0.158372
vt 0.468750 0.905660
vt 0.083333 0.158372
vt 0.531250 0.905660
vt 0.092385 0.158372
vt 0.437500 0.905660
vt 0.093596 0.158372
vt 0.562500 0.905660
vt 0.109823 0.158372
vt 0.593750 0.905660
vt 0.131273 0.158372
vt 0.625000 0.905660
vt 0.343110 0.158372
vt 0.843750 0.905660
vt 0.282683 0.158372
vt 0.781250 0.905660
vt 0.314119 0.158372
vt 0.812500 0.905660
vt 0.249998 0.158372
vt 0.750000 0.905660
vt 0.217312 0.158372
vt 0.718750 0.905660
vt 0.185876 0.158372
vt 0.687500 0.905660
vt 0.156886 0.158372
vt 0.656250 0.905660
vt 0.108704 0.158372
vt 0.406250 0.905660
vt 0.130876 0.158372
vt 0.375000 0.905660
vt 0.156856 0.158372
vt 0.343750 0.905660
vt 0.185853 0.158372
vt 0.312500 0.905660
vt 0.343139 0.158372
vt 0.156250 0.905660
vt 0.314142 0.158372
vt 0.187500 0.905660
vt 0.217306 0.158372
vt 0.281250 0.905660
vt 0.249998 0.158372
vt 0.250000 0.905660
vt 0.282689 0.158372
vt 0.218750 0.905660
vt 0.369119 0.158372
vt 0.125000 0.905660
vt 0.368722 0.158372
vt 0.875000 0.905660
vt 0.406399 0.158372
vt 0.937500 0.905660
vt 0.391291 0.158372
vt 0.093750 0.905660
vt 0.390172 0.158372
vt 0.906250 0.905660
vt 0.416663 0.158372
vt 0.968750 0.905660
vt 0.417425 0.158372
vt 0.031250 0.905660
vt 0.407610 0.158372
vt 0.062500 0.905660
vt 0.420436 0.158372
vt 1.000000 0.905660
vt 0.000000 0.905660
vt 1.000000 1.000000
vt 0.000000 1.000000
vt 0.250000 0.490000
vt 0.968750 1.000000
vt 0.296821 0.485388
vt 0.937500 1.000000
vt 0.341844 0.471731
vt 0.906250 1.000000
vt 0.383337 0.449553
vt 0.419706 0.419706
vt 0.875000 1.000000
vt 0.449553 0.383337
vt 0.843750 1.000000
vt 0.471731 0.341844
vt 0.812500 1.000000
vt 0.485388 0.296822
vt 0.781250 1.000000
vt 0.490000 0.250000
vt 0.750000 1.000000
vt 0.485388 0.203178
vt 0.718750 1.000000
vt 0.471731 0.158156
vt 0.687500 1.000000
vt 0.449553 0.116663
vt 0.656250 1.000000
vt 0.419705 0.080294
vt 0.625000 1.000000
vt 0.383337 0.050447
vt 0.593750 1.000000
vt 0.341844 0.028269
vt 0.562500 1.000000
vt 0.296822 0.014612
vt 0.531250 1.000000
vt 0.250000 0.010000
vt 0.500000 1.000000
vt 0.203178 0.014612
vt 0.468750 1.000000
vt 0.158156 0.028269
vt 0.437500 1.000000
vt 0.116663 0.050447
vt 0.406250 1.000000
vt 0.080294 0.080294
vt 0.375000 1.000000
vt 0.050447 0.116663
vt 0.343750 1.000000
vt 0.028269 0.158156
vt 0.312500 1.000000
vt 0.014612 0.203178
vt 0.281250 1.000000
vt 0.010000 0.250000
vt 0.250000 1.000000
vt 0.014612 0.296822
vt 0.218750 1.000000
vt 0.028269 0.341844
vt 0.187500 1.000000
vt 0.050447 0.383337
vt 0.156250 1.000000
vt 0.080294 0.419706
vt 0.125000 1.000000
vt 0.116663 0.449553
vt 0.093750 1.000000
vt 0.158156 0.471731
vt 0.062500 1.000000
vt 0.031250 1.000000
vt 0.203178 0.485388
vt 0.250000 0.489998
vt 0.250000 0.489924
vt 0.296807 0.485313
vt 0.296821 0.485387
vt 0.341815 0.471660
vt 0.341843 0.471729
vt 0.383336 0.449551
vt 0.383294 0.449489
vt 0.419704 0.419704
vt 0.419651 0.419651
vt 0.449488 0.383293
vt 0.449551 0.383336
vt 0.471658 0.341814
vt 0.471729 0.341843
vt 0.485326 0.296809
vt 0.485387 0.296821
vt 0.489998 0.250000
vt 0.489920 0.250000
vt 0.485309 0.203194
vt 0.485387 0.203179
vt 0.471670 0.158181
vt 0.471730 0.158156
vt 0.449484 0.116709
vt 0.449551 0.116664
vt 0.419647 0.080353
vt 0.419704 0.080296
vt 0.383336 0.050449
vt 0.383290 0.050517
vt 0.341812 0.028347
vt 0.341843 0.028271
vt 0.296805 0.014694
vt 0.296821 0.014613
vt 0.250000 0.010085
vt 0.250000 0.010002
vt 0.203179 0.014613
vt 0.203195 0.014694
vt 0.158188 0.028347
vt 0.158156 0.028271
vt 0.116710 0.050517
vt 0.116664 0.050449
vt 0.080353 0.080353
vt 0.080296 0.080296
vt 0.050449 0.116664
vt 0.050516 0.116709
vt 0.028330 0.158181
vt 0.028270 0.158157
vt 0.014691 0.203194
vt 0.014613 0.203179
vt 0.010080 0.250000
vt 0.010002 0.250000
vt 0.014674 0.296809
vt 0.014613 0.296821
vt 0.028271 0.341843
vt 0.028342 0.341814
vt 0.050512 0.383293
vt 0.050449 0.383336
vt 0.080349 0.419651
vt 0.080296 0.419704
vt 0.116706 0.449489
vt 0.116664 0.449551
vt 0.158157 0.471729
vt 0.158185 0.471660
vt 0.203179 0.485387
vt 0.203193 0.485313
vt 0.000000 0.000000
vt 1.000000 0.000000
vt 0.000000 1.000000
vt 1.000000 1.000000
vt 0.000000 0.000000
vt 1.000000 0.000000
vt 0.000000 1.000000
vt 1.000000 1.000000
vt 0.005367 0.029541
vt 0.000091 0.000498
vt 0.994633 0.029541
vt 0.999909 0.000498
vt 0.005367 0.970459
vt 0.000091 0.999502
vt 0.994633 0.970459
vt 0.999909 0.999502
s 1
usemtl Material
f 1/1/1 2/2/2 4/4/3 3/3/4
f 3/3/4 4/4/3 6/6/5 5/5/6
f 5/5/6 6/6/5 8/8/7 7/7/8
f 7/7/8 8/8/7 10/10/9 9/9/10
f 9/9/10 10/10/9 12/12/11 11/11/12
f 11/11/12 12/12/11 14/14/13 13/13/14
f 13/13/14 14/14/13 16/16/15 15/15/16
f 4/4/3 2/2/2 18/18/17 16/16/15 14/14/13 12/12/11 10/10/9 8/8/7 6/6/5
f 15/15/16 16/16/15 18/18/17 17/17/18
f 17/17/18 18/18/17 2/2/2 1/1/1
f 1/1/1 3/3/4 20/20/19 19/19/20
f 19/19/20 20/20/19 21/21/21 22/22/22 23/23/23 24/24/24 25/25/25 26/26/26 27/27/27
f 5/5/6 7/7/8 22/22/22 21/21/21
f 3/3/4 5/5/6 21/21/21 20/20/19
f 17/17/18 1/1/1 19/19/20 27/27/27
f 15/15/16 17/17/18 27/27/27 26/26/26
f 13/13/14 15/15/16 26/26/26 25/25/25
f 11/11/12 13/13/14 25/25/25 24/24/24
f 9/9/10 11/11/12 24/24/24 23/23/23
f 7/7/8 9/9/10 23/23/23 22/22/22
f 28/28/1 29/29/2 31/31/3 30/30/4
f 30/30/4 31/31/3 33/33/5 32/32/6
f 32/32/6 33/33/5 35/35/7 34/34/8
f 34/34/8 35/35/7 37/37/9 36/36/10
f 36/36/10 37/37/9 39/39/11 38/38/12
f 38/38/12 39/39/11 41/41/13 40/40/14
f 40/40/14 41/41/13 43/43/15 42/42/16
f 31/31/3 29/29/2 45/45/17 43/43/15 41/41/13 39/39/11 37/37/9 35/35/7 33/33/5
f 42/42/16 43/43/15 45/45/17 44/44/18
f 44/44/18 45/45/17 29/29/2 28/28/1
f 28/28/1 30/30/4 47/47/19 46/46/20
f 46/46/20 47/47/19 48/48/21 49/49/22 50/50/23 51/51/24 52/52/25 53/53/26 54/54/27
f 32/32/6 34/34/8 49/49/22 48/48/21
f 30/30/4 32/32/6 48/48/21 47/47/19
f 44/44/18 28/28/1 46/46/20 54/54/27
f 42/42/16 44/44/18 54/54/27 53/53/26
f 40/40/14 42/42/16 53/53/26 52/52/25
f 38/38/12 40/40/14 52/52/25 51/51/24
f 36/36/10 38/38/12 51/51/24 50/50/23
f 34/34/8 36/36/10 50/50/23 49/49/22
f 55/55/1 56/56/2 58/58/28 57/57/4
f 57/57/4 58/58/28 60/60/5 59/59/6
f 59/59/6 60/60/5 62/62/7 61/61/8
f 61/61/8 62/62/7 64/64/9 63/63/10
f 63/63/10 64/64/9 66/66/11 65/65/12
f 65/65/12 66/66/11 68/68/13 67/67/14
f 67/67/14 68/68/13 70/70/15 69/69/16
f 58/58/28 56/56/2 72/72/29 70/70/15 68/68/13 66/66/11 64/64/9 62/62/7 60/60/5
f 69/69/16 70/70/15 72/72/29 71/71/18
f 71/71/18 72/72/29 56/56/2 55/55/1
f 55/55/1 57/57/4 74/74/19 73/73/20
f 73/73/20 74/74/19 75/75/21 76/76/22 77/77/23 78/78/24 79/79/25 80/80/26 81/81/27
f 59/59/6 61/61/8 76/76/22 75/75/21
f 57/57/4 59/59/6 75/75/21 74/74/19
f 71/71/18 55/55/1 73/73/20 81/81/27
f 69/69/16 71/71/18 81/81/27 80/80/26
f 67/67/14 69/69/16 80/80/26 79/79/25
f 65/65/12 67/67/14 79/79/25 78/78/24
f 63/63/10 65/65/12 78/78/24 77/77/23
f 61/61/8 63/63/10 77/77/23 76/76/22
f 82/82/1 83/83/2 85/85/3 84/84/4
f 84/84/4 85/85/3 87/87/5 86/86/6
f 86/86/6 87/87/5 89/89/7 88/88/8
f 88/88/8 89/89/7 91/91/9 90/90/10
f 90/90/10 91/91/9 93/93/11 92/92/12
f 92/92/12 93/93/11 95/95/13 94/94/14
f 94/94/14 95/95/13 97/97/15 96/96/16
f 85/85/3 83/83/2 99/99/29 97/97/15 95/95/13 93/93/11 91/91/9 89/89/7 87/87/5
f 96/96/16 97/97/15 99/99/29 98/98/18
f 98/98/18 99/99/29 83/83/2 82/82/1
f 82/82/1 84/84/4 101/101/19 100/100/20
f 100/100/20 101/101/19 102/102/21 103/103/22 104/104/23 105/105/24 106/106/25 107/107/26 108/108/27
f 86/86/6 88/88/8 103/103/22 102/102/21
f 84/84/4 86/86/6 102/102/21 101/101/19
f 98/98/18 82/82/1 100/100/20 108/108/27
f 96/96/16 98/98/18 108/108/27 107/107/26
f 94/94/14 96/96/16 107/107/26 106/106/25
f 92/92/12 94/94/14 106/106/25 105/105/24
f 90/90/10 92/92/12 105/105/24 104/104/23
f 88/88/8 90/90/10 104/104/23 103/103/22
f 109/109/1 110/110/2 112/112/3 111/111/4
f 111/111/4 112/112/3 114/114/5 113/113/6
f 113/113/6 114/114/5 116/116/7 115/115/8
f 115/115/8 116/116/7 118/118/9 117/117/10
f 117/117/10 118/118/9 120/120/11 119/119/12
f 119/119/12 120/120/11 122/122/13 121/121/14
f 121/121/14 122/122/13 124/124/15 123/123/16
f 112/112/3 110/110/2 126/126/17 124/124/15 122/122/13 120/120/11 118/118/9 116/116/7 114/114/5
f 123/123/16 124/124/15 126/126/17 125/125/18
f 125/125/18 126/126/17 110/110/2 109/109/1
f 109/109/1 111/111/4 128/128/19 127/127/20
f 127/127/20 128/128/19 129/129/21 130/130/22 131/131/23 132/132/24 133/133/25 134/134/26 135/135/27
f 113/113/6 115/115/8 130/130/22 129/129/21
f 111/111/4 113/113/6 129/129/21 128/128/19
f 125/125/18 109/109/1 127/127/20 135/135/27
f 123/123/16 125/125/18 135/135/27 134/134/26
f 121/121/14 123/123/16 134/134/26 133/133/25
f 119/119/12 121/121/14 133/133/25 132/132/24
f 117/117/10 119/119/12 132/132/24 131/131/23
f 115/115/8 117/117/10 131/131/23 130/130/22
f 136/136/1 137/137/2 139/139/3 138/138/4
f 138/138/4 139/139/3 141/141/5 140/140/6
f 140/140/6 141/141/5 143/143/7 142/142/8
f 142/142/8 143/143/7 145/145/9 144/144/10
f 144/144/10 145/145/9 147/147/11 146/146/12
f 146/146/12 147/147/11 149/149/13 148/148/14
f 148/148/14 149/149/13 151/151/15 150/150/16
f 139/139/3 137/137/2 153/153/17 151/151/15 149/149/13 147/147/11 145/145/9 143/143/7 141/141/5
f 150/150/16 151/151/15 153/153/17 152/152/18
f 152/152/18 153/153/17 137/137/2 136/136/1
f 136/136/1 138/138/4 155/155/19 154/154/20
f 154/154/20 155/155/19 156/156/21 157/157/22 158/158/23 159/159/24 160/160/25 161/161/26 162/162/27
f 140/140/6 142/142/8 157/157/22 156/156/21
f 138/138/4 140/140/6 156/156/21 155/155/19
f 152/152/18 136/136/1 154/154/20 162/162/27
f 150/150/16 152/152/18 162/162/27 161/161/26
f 148/148/14 150/150/16 161/161/26 160/160/25
f 146/146/12 148/148/14 160/160/25 159/159/24
f 144/144/10 146/146/12 159/159/24 158/158/23
f 142/142/8 144/144/10 158/158/23 157/157/22
f 163/163/1 164/164/2 166/166/3 165/165/4
f 165/165/4 166/166/3 168/168/5 167/167/6
f 167/167/6 168/168/5 170/170/7 169/169/8
f 169/169/8 170/170/7 172/172/9 171/171/10
f 171/171/10 172/172/9 174/174/11 173/173/12
f 173/173/12 174/174/11 176/176/13 175/175/14
f 175/175/14 176/176/13 178/178/15 177/177/16
f 166/166/3 164/164/2 180/180/29 178/178/15 176/176/13 174/174/11 172/172/9 170/170/7 168/168/5
f 177/177/16 178/178/15 180/180/29 179/179/18
f 179/179/18 180/180/29 164/164/2 163/163/1
f 163/163/1 165/165/4 182/182/19 181/181/20
f 181/181/20 182/182/19 183/183/21 184/184/22 185/185/23 186/186/24 187/187/25 188/188/26 189/189/27
f 167/167/6 169/169/8 184/184/22 183/183/21
f 165/165/4 167/167/6 183/183/21 182/182/19
f 179/179/18 163/163/1 181/181/20 189/189/27
f 177/177/16 179/179/18 189/189/27 188/188/26
f 175/175/14 177/177/16 188/188/26 187/187/25
f 173/173/12 175/175/14 187/187/25 186/186/24
f 171/171/10 173/173/12 186/186/24 185/185/23
f 169/169/8 171/171/10 185/185/23 184/184/22
f 190/190/1 191/191/2 193/193/3 192/192/4
f 192/192/4 193/193/3 195/195/5 194/194/6
f 194/194/6 195/195/5 197/197/7 196/196/8
f 196/196/8 197/197/7 199/199/9 198/198/10
f 198/198/10 199/199/9 201/201/11 200/200/12
f 200/200/12 201/201/11 203/203/13 202/202/14
f 202/202/14 203/203/13 205/205/15 204/204/16
f 193/193/3 191/191/2 207/207/17 205/205/15 203/203/13 201/201/11 199/199/9 197/197/7 195/195/5
f 204/204/16 205/205/15 207/207/17 206/206/18
f 206/206/18 207/207/17 191/191/2 190/190/1
f 190/190/1 192/192/4 209/209/19 208/208/20
f 208/208/20 209/209/19 210/210/21 211/211/22 212/212/23 213/213/24 214/214/25 215/215/26 216/216/27
f 194/194/6 196/196/8 211/211/22 210/210/21
f 192/192/4 194/194/6 210/210/21 209/209/19
f 206/206/18 190/190/1 208/208/20 216/216/27
f 204/204/16 206/206/18 216/216/27 215/215/26
f 202/202/14 204/204/16 215/215/26 214/214/25
f 200/200/12 202/202/14 214/214/25 213/213/24
f 198/198/10 200/200/12 213/213/24 212/212/23
f 196/196/8 198/198/10 212/212/23 211/211/22
f 217/217/1 218/218/2 220/220/3 219/219/4
f 219/219/4 220/220/3 222/222/5 221/221/6
f 221/221/6 222/222/5 224/224/7 223/223/8
f 223/223/8 224/224/7 226/226/9 225/225/10
f 225/225/10 226/226/9 228/228/11 227/227/12
f 227/227/12 228/228/11 230/230/13 229/229/14
f 229/229/14 230/230/13 232/232/15 231/231/16
f 220/220/3 218/218/2 234/234/17 232/232/15 230/230/13 228/228/11 226/226/9 224/224/7 222/222/5
f 231/231/16 232/232/15 234/234/17 233/233/18
f 233/233/18 234/234/17 218/218/2 217/217/1
f 217/217/1 219/219/4 236/236/19 235/235/20
f 235/235/20 236/236/19 237/237/21 238/238/22 239/239/23 240/240/24 241/241/25 242/242/26 243/243/27
f 221/221/6 223/223/8 238/238/22 237/237/21
f 219/219/4 221/221/6 237/237/21 236/236/19
f 233/233/18 217/217/1 235/235/20 243/243/27
f 231/231/16 233/233/18 243/243/27 242/242/26
f 229/229/14 231/231/16 242/242/26 241/241/25
f 227/227/12 229/229/14 241/241/25 240/240/24
f 225/225/10 227/227/12 240/240/24 239/239/23
f 223/223/8 225/225/10 239/239/23 238/238/22
f 244/244/1 245/245/2 247/247/3 246/246/4
f 246/246/4 247/247/3 249/249/5 248/248/6
f 248/248/6 249/249/5 251/251/7 250/250/8
f 250/250/8 251/251/7 253/253/9 252/252/10
f 252/252/10 253/253/9 255/255/11 254/254/12
f 254/254/12 255/255/11 257/257/13 256/256/14
f 256/256/14 257/257/13 259/259/15 258/258/16
f 247/247/3 245/245/2 261/261/17 259/259/15 257/257/13 255/255/11 253/253/9 251/251/7 249/249/5
f 258/258/16 259/259/15 261/261/17 260/260/18
f 260/260/18 261/261/17 245/245/2 244/244/1
f 244/244/1 246/246/4 263/263/19 262/262/20
f 262/262/20 263/263/19 264/264/21 265/265/22 266/266/23 267/267/24 268/268/25 269/269/26 270/270/27
f 248/248/6 250/250/8 265/265/22 264/264/21
f 246/246/4 248/248/6 264/264/21 263/263/19
f 260/260/18 244/244/1 262/262/20 270/270/27
f 258/258/16 260/260/18 270/270/27 269/269/26
f 256/256/14 258/258/16 269/269/26 268/268/25
f 254/254/12 256/256/14 268/268/25 267/267/24
f 252/252/10 254/254/12 267/267/24 266/266/23
f 250/250/8 252/252/10 266/266/23 265/265/22
f 271/271/1 272/272/2 274/274/3 273/273/4
f 273/273/4 274/274/3 276/276/5 275/275/6
f 275/275/6 276/276/5 278/278/7 277/277/8
f 277/277/8 278/278/7 280/280/9 279/279/10
f 279/279/10 280/280/9 282/282/11 281/281/12
f 281/281/12 282/282/11 284/284/13 283/283/14
f 283/283/14 284/284/13 286/286/15 285/285/16
f 274/274/3 272/272/2 288/288/29 286/286/15 284/284/13 282/282/11 280/280/9 278/278/7 276/276/5
f 285/285/16 286/286/15 288/288/29 287/287/18
f 287/287/18 288/288/29 272/272/2 271/271/1
f 271/271/1 273/273/4 290/290/19 289/289/20
f 289/289/20 290/290/19 291/291/21 292/292/22 293/293/23 294/294/24 295/295/25 296/296/26 297/297/27
f 275/275/6 277/277/8 292/292/22 291/291/21
f 273/273/4 275/275/6 291/291/21 290/290/19
f 287/287/18 271/271/1 289/289/20 297/297/27
f 285/285/16 287/287/18 297/297/27 296/296/26
f 283/283/14 285/285/16 296/296/26 295/295/25
f 281/281/12 283/283/14 295/295/25 294/294/24
f 279/279/10 281/281/12 294/294/24 293/293/23
f 277/277/8 279/279/10 293/293/23 292/292/22
f 298/298/1 299/299/2 301/301/3 300/300/4
f 300/300/4 301/301/3 303/303/5 302/302/6
f 302/302/6 303/303/5 305/305/7 304/304/8
f 304/304/8 305/305/7 307/307/9 306/306/10
f 306/306/10 307/307/9 309/309/11 308/308/12
f 308/308/12 309/309/11 311/311/13 310/310/14
f 310/310/14 311/311/13 313/313/15 312/312/16
f 301/301/3 299/299/2 315/315/29 313/313/15 311/311/13 309/309/11 307/307/9 305/305/7 303/303/5
f 312/312/16 313/313/15 315/315/29 314/314/18
f 314/314/18 315/315/29 299/299/2 298/298/1
f 298/298/1 300/300/4 317/317/19 316/316/20
f 316/316/20 317/317/19 318/318/21 319/319/22 320/320/23 321/321/24 322/322/25 323/323/26 324/324/27
f 302/302/6 304/304/8 319/319/22 318/318/21
f 300/300/4 302/302/6 318/318/21 317/317/19
f 314/314/18 298/298/1 316/316/20 324/324/27
f 312/312/16 314/314/18 324/324/27 323/323/26
f 310/310/14 312/312/16 323/323/26 322/322/25
f 308/308/12 310/310/14 322/322/25 321/321/24
f 306/306/10 308/308/12 321/321/24 320/320/23
f 304/304/8 306/306/10 320/320/23 319/319/22
f 325/325/1 326/326/2 328/328/3 327/327/4
f 327/327/4 328/328/3 330/330/5 329/329/6
f 329/329/6 330/330/5 332/332/7 331/331/8
f 331/331/8 332/332/7 334/334/9 333/333/10
f 333/333/10 334/334/9 336/336/11 335/335/12
f 335/335/12 336/336/11 338/338/13 337/337/14
f 337/337/14 338/338/13 340/340/15 339/339/16
f 328/328/3 326/326/2 342/342/17 340/340/15 338/338/13 336/336/11 334/334/9 332/332/7 330/330/5
f 339/339/16 340/340/15 342/342/17 341/341/18
f 341/341/18 342/342/17 326/326/2 325/325/1
f 325/325/1 327/327/4 344/344/19 343/343/20
f 343/343/20 344/344/19 345/345/21 346/346/22 347/347/23 348/348/24 349/349/25 350/350/26 351/351/27
f 329/329/6 331/331/8 346/346/22 345/345/21
f 327/327/4 329/329/6 345/345/21 344/344/19
f 341/341/18 325/325/1 343/343/20 351/351/27
f 339/339/16 341/341/18 351/351/27 350/350/26
f 337/337/14 339/339/16 350/350/26 349/349/25
f 335/335/12 337/337/14 349/349/25 348/348/24
f 333/333/10 335/335/12 348/348/24 347/347/23
f 331/331/8 333/333/10 347/347/23 346/346/22
f 352/352/1 353/353/2 355/355/3 354/354/4
f 354/354/4 355/355/3 357/357/5 356/356/6
f 356/356/6 357/357/5 359/359/7 358/358/8
f 358/358/8 359/359/7 361/361/9 360/360/10
f 360/360/10 361/361/9 363/363/11 362/362/12
f 362/362/12 363/363/11 365/365/13 364/364/14
f 364/364/14 365/365/13 367/367/15 366/366/16
f 355/355/3 353/353/2 369/369/17 367/367/15 365/365/13 363/363/11 361/361/9 359/359/7 357/357/5
f 366/366/16 367/367/15 369/369/17 368/368/18
f 368/368/18 369/369/17 353/353/2 352/352/1
f 352/352/1 354/354/4 371/371/19 370/370/20
f 370/370/20 371/371/19 372/372/21 373/373/22 374/374/23 375/375/24 376/376/25 377/377/26 378/378/27
f 356/356/6 358/358/8 373/373/22 372/372/21
f 354/354/4 356/356/6 372/372/21 371/371/19
f 368/368/18 352/352/1 370/370/20 378/378/27
f 366/366/16 368/368/18 378/378/27 377/377/26
f 364/364/14 366/366/16 377/377/26 376/376/25
f 362/362/12 364/364/14 376/376/25 375/375/24
f 360/360/10 362/362/12 375/375/24 374/374/23
f 358/358/8 360/360/10 374/374/23 373/373/22
f 379/379/1 380/380/2 382/382/28 381/381/4
f 381/381/4 382/382/28 384/384/5 383/383/6
f 383/383/6 384/384/5 386/386/7 385/385/8
f 385/385/8 386/386/7 388/388/9 387/387/10
f 387/387/10 388/388/9 390/390/11 389/389/12
f 389/389/12 390/390/11 392/392/13 391/391/14
f 391/391/14 392/392/13 394/394/15 393/393/16
f 382/382/28 380/380/2 396/396/29 394/394/15 392/392/13 390/390/11 388/388/9 386/386/7 384/384/5
f 393/393/16 394/394/15 396/396/29 395/395/18
f 395/395/18 396/396/29 380/380/2 379/379/1
f 379/379/1 381/381/4 398/398/19 397/397/20
f 397/397/20 398/398/19 399/399/21 400/400/22 401/401/23 402/402/24 403/403/25 404/404/26 405/405/27
f 383/383/6 385/385/8 400/400/22 399/399/21
f 381/381/4 383/383/6 399/399/21 398/398/19
f 395/395/18 379/379/1 397/397/20 405/405/27
f 393/393/16 395/395/18 405/405/27 404/404/26
f 391/391/14 393/393/16 404/404/26 403/403/25
f 389/389/12 391/391/14 403/403/25 402/402/24
f 387/387/10 389/389/12 402/402/24 401/401/23
f 385/385/8 387/387/10 401/401/23 400/400/22
f 406/406/1 407/407/2 409/409/3 408/408/4
f 408/408/4 409/409/3 411/411/5 410/410/6
f 410/410/6 411/411/5 413/413/7 412/412/8
f 412/412/8 413/413/7 415/415/9 414/414/10
f 414/414/10 415/415/9 417/417/11 416/416/12
f 416/416/12 417/417/11 419/419/13 418/418/14
f 418/418/14 419/419/13 421/421/15 420/420/16
f 409/409/3 407/407/2 423/423/17 421/421/15 419/419/13 417/417/11 415/415/9 413/413/7 411/411/5
f 420/420/16 421/421/15 423/423/17 422/422/18
f 422/422/18 423/423/17 407/407/2 406/406/1
f 406/406/1 408/408/4 425/425/19 424/424/20
f 424/424/20 425/425/19 426/426/21 427/427/22 428/428/23 429/429/24 430/430/25 431/431/26 432/432/27
f 410/410/6 412/412/8 427/427/22 426/426/21
f 408/408/4 410/410/6 426/426/21 425/425/19
f 422/422/18 406/406/1 424/424/20 432/432/27
f 420/420/16 422/422/18 432/432/27 431/431/26
f 418/418/14 420/420/16 431/431/26 430/430/25
f 416/416/12 418/418/14 430/430/25 429/429/24
f 414/414/10 416/416/12 429/429/24 428/428/23
f 412/412/8 414/414/10 428/428/23 427/427/22
f 433/433/1 434/434/2 436/436/3 435/435/4
f 435/435/4 436/436/3 438/438/5 437/437/6
f 437/437/6 438/438/5 440/440/7 439/439/8
f 439/439/8 440/440/7 442/442/9 441/441/10
f 441/441/10 442/442/9 444/444/11 443/443/12
f 443/443/12 444/444/11 446/446/13 445/445/14
f 445/445/14 446/446/13 448/448/15 447/447/16
f 436/436/3 434/434/2 450/450/17 448/448/15 446/446/13 444/444/11 442/442/9 440/440/7 438/438/5
f 447/447/16 448/448/15 450/450/17 449/449/18
f 449/449/18 450/450/17 434/434/2 433/433/1
f 433/433/1 435/435/4 452/452/19 451/451/20
f 451/451/20 452/452/19 453/453/21 454/454/22 455/455/23 456/456/24 457/457/25 458/458/26 459/459/27
f 437/437/6 439/439/8 454/454/22 453/453/21
f 435/435/4 437/437/6 453/453/21 452/452/19
f 449/449/18 433/433/1 451/451/20 459/459/27
f 447/447/16 449/449/18 459/459/27 458/458/26
f 445/445/14 447/447/16 458/458/26 457/457/25
f 443/443/12 445/445/14 457/457/25 456/456/24
f 441/441/10 443/443/12 456/456/24 455/455/23
f 439/439/8 441/441/10 455/455/23 454/454/22
f 460/460/1 461/461/2 463/463/3 462/462/4
f 462/462/4 463/463/3 465/465/5 464/464/6
f 464/464/6 465/465/5 467/467/7 466/466/8
f 466/466/8 467/467/7 469/469/9 468/468/10
f 468/468/10 469/469/9 471/471/11 470/470/12
f 470/470/12 471/471/11 473/473/13 472/472/14
f 472/472/14 473/473/13 475/475/15 474/474/16
f 463/463/3 461/461/2 477/477/17 475/475/15 473/473/13 471/471/11 469/469/9 467/467/7 465/465/5
f 474/474/16 475/475/15 477/477/17 476/476/18
f 476/476/18 477/477/17 461/461/2 460/460/1
f 460/460/1 462/462/4 479/479/19 478/478/20
f 478/478/20 479/479/19 480/480/21 481/481/22 482/482/23 483/483/24 484/484/25 485/485/26 486/486/27
f 464/464/6 466/466/8 481/481/22 480/480/21
f 462/462/4 464/464/6 480/480/21 479/479/19
f 476/476/18 460/460/1 478/478/20 486/486/27
f 474/474/16 476/476/18 486/486/27 485/485/26
f 472/472/14 474/474/16 485/485/26 484/484/25
f 470/470/12 472/472/14 484/484/25 483/483/24
f 468/468/10 470/470/12 483/483/24 482/482/23
f 466/466/8 468/468/10 482/482/23 481/481/22
f 487/487/1 488/488/2 490/490/28 489/489/4
f 489/489/4 490/490/28 492/492/5 491/491/6
f 491/491/6 492/492/5 494/494/7 493/493/8
f 493/493/8 494/494/7 496/496/9 495/495/10
f 495/495/10 496/496/9 498/498/11 497/497/12
f 497/497/12 498/498/11 500/500/13 499/499/14
f 499/499/14 500/500/13 502/502/15 501/501/16
f 490/490/28 488/488/2 504/504/29 502/502/15 500/500/13 498/498/11 496/496/9 494/494/7 492/492/5
f 501/501/16 502/502/15 504/504/29 503/503/18
f 503/503/18 504/504/29 488/488/2 487/487/1
f 487/487/1 489/489/4 506/506/19 505/505/20
f 505/505/20 506/506/19 507/507/21 508/508/22 509/509/23 510/510/24 511/511/25 512/512/26 513/513/27
f 491/491/6 493/493/8 508/508/22 507/507/21
f 489/489/4 491/491/6 507/507/21 506/506/19
f 503/503/18 487/487/1 505/505/20 513/513/27
f 501/501/16 503/503/18 513/513/27 512/512/26
f 499/499/14 501/501/16 512/512/26 511/511/25
f 497/497/12 499/499/14 511/511/25 510/510/24
f 495/495/10 497/497/12 510/510/24 509/509/23
f 493/493/8 495/495/10 509/509/23 508/508/22
f 514/514/1 515/515/2 517/517/3 516/516/4
f 516/516/4 517/517/3 519/519/5 518/518/6
f 518/518/6 519/519/5 521/521/7 520/520/8
f 520/520/8 521/521/7 523/523/9 522/522/10
f 522/522/10 523/523/9 525/525/11 524/524/12
f 524/524/12 525/525/11 527/527/13 526/526/14
f 526/526/14 527/527/13 529/529/15 528/528/16
f 517/517/3 515/515/2 531/531/29 529/529/15 527/527/13 525/525/11 523/523/9 521/521/7 519/519/5
f 528/528/16 529/529/15 531/531/29 530/530/18
f 530/530/18 531/531/29 515/515/2 514/514/1
f 514/514/1 516/516/4 533/533/19 532/532/20
f 532/532/20 533/533/19 534/534/21 535/535/22 536/536/23 537/537/24 538/538/25 539/539/26 540/540/27
f 518/518/6 520/520/8 535/535/22 534/534/21
f 516/516/4 518/518/6 534/534/21 533/533/19
f 530/530/18 514/514/1 532/532/20 540/540/27
f 528/528/16 530/530/18 540/540/27 539/539/26
f 526/526/14 528/528/16 539/539/26 538/538/25
f 524/524/12 526/526/14 538/538/25 537/537/24
f 522/522/10 524/524/12 537/537/24 536/536/23
f 520/520/8 522/522/10 536/536/23 535/535/22
f 541/541/1 542/542/2 544/544/3 543/543/4
f 543/543/4 544/544/3 546/546/5 545/545/6
f 545/545/6 546/546/5 548/548/7 547/547/8
f 547/547/8 548/548/7 550/550/9 549/549/10
f 549/549/10 550/550/9 552/552/11 551/551/12
f 551/551/12 552/552/11 554/554/13 553/553/14
f 553/553/14 554/554/13 556/556/15 555/555/16
f 544/544/3 542/542/2 558/558/17 556/556/15 554/554/13 552/552/11 550/550/9 548/548/7 546/546/5
f 555/555/16 556/556/15 558/558/17 557/557/18
f 557/557/18 558/558/17 542/542/2 541/541/1
f 541/541/1 543/543/4 560/560/19 559/559/20
f 559/559/20 560/560/19 561/561/21 562/562/22 563/563/23 564/564/24 565/565/25 566/566/26 567/567/27
f 545/545/6 547/547/8 562/562/22 561/561/21
f 543/543/4 545/545/6 561/561/21 560/560/19
f 557/557/18 541/541/1 559/559/20 567/567/27
f 555/555/16 557/557/18 567/567/27 566/566/26
f 553/553/14 555/555/16 566/566/26 565/565/25
f 551/551/12 553/553/14 565/565/25 564/564/24
f 549/549/10 551/551/12 564/564/24 563/563/23
f 547/547/8 549/549/10 563/563/23 562/562/22
f 568/568/1 569/569/2 571/571/3 570/570/4
f 570/570/4 571/571/3 573/573/5 572/572/6
f 572/572/6 573/573/5 575/575/7 574/574/8
f 574/574/8 575/575/7 577/577/9 576/576/10
f 576/576/10 577/577/9 579/579/11 578/578/12
f 578/578/12 579/579/11 581/581/13 580/580/14
f 580/580/14 581/581/13 583/583/15 582/582/16
f 571/571/3 569/569/2 585/585/17 583/583/15 581/581/13 579/579/11 577/577/9 575/575/7 573/573/5
f 582/582/16 583/583/15 585/585/17 584/584/18
f 584/584/18 585/585/17 569/569/2 568/568/1
f 568/568/1 570/570/4 587/587/19 586/586/20
f 586/586/20 587/587/19 588/588/21 589/589/22 590/590/23 591/591/24 592/592/25 593/593/26 594/594/27
f 572/572/6 574/574/8 589/589/22 588/588/21
f 570/570/4 572/572/6 588/588/21 587/587/19
f 584/584/18 568/568/1 586/586/20 594/594/27
f 582/582/16 584/584/18 594/594/27 593/593/26
f 580/580/14 582/582/16 593/593/26 592/592/25
f 578/578/12 580/580/14 592/592/25 591/591/24
f 576/576/10 578/578/12 591/591/24 590/590/23
f 574/574/8 576/576/10 590/590/23 589/589/22
f 595/595/1 596/596/2 598/598/3 597/597/4
f 597/597/4 598/598/3 600/600/5 599/599/6
f 599/599/6 600/600/5 602/602/7 601/601/8
f 601/601/8 602/602/7 604/604/9 603/603/10
f 603/603/10 604/604/9 606/606/11 605/605/12
f 605/605/12 606/606/11 608/608/13 607/607/14
f 607/607/14 608/608/13 610/610/15 609/609/16
f 598/598/3 596/596/2 612/612/29 610/610/15 608/608/13 606/606/11 604/604/9 602/602/7 600/600/5
f 609/609/16 610/610/15 612/612/29 611/611/18
f 611/611/18 612/612/29 596/596/2 595/595/1
f 595/595/1 597/597/4 614/614/19 613/613/20
f 613/613/20 614/614/19 615/615/21 616/616/22 617/617/23 618/618/24 619/619/25 620/620/26 621/621/27
f 599/599/6 601/601/8 616/616/22 615/615/21
f 597/597/4 599/599/6 615/615/21 614/614/19
f 611/611/18 595/595/1 613/613/20 621/621/27
f 609/609/16 611/611/18 621/621/27 620/620/26
f 607/607/14 609/609/16 620/620/26 619/619/25
f 605/605/12 607/607/14 619/619/25 618/618/24
f 603/603/10 605/605/12 618/618/24 617/617/23
f 601/601/8 603/603/10 617/617/23 616/616/22
f 622/622/1 623/623/2 625/625/3 624/624/4
f 624/624/4 625/625/3 627/627/5 626/626/6
f 626/626/6 627/627/5 629/629/7 628/628/8
f 628/628/8 629/629/7 631/631/9 630/630/10
f 630/630/10 631/631/9 633/633/11 632/632/12
f 632/632/12 633/633/11 635/635/13 634/634/14
f 634/634/14 635/635/13 637/637/15 636/636/16
f 625/625/3 623/623/2 639/639/17 637/637/15 635/635/13 633/633/11 631/631/9 629/629/7 627/627/5
f 636/636/16 637/637/15 639/639/17 638/638/18
f 638/638/18 639/639/17 623/623/2 622/622/1
f 622/622/1 624/624/4 641/641/19 640/640/20
f 640/640/20 641/641/19 642/642/21 643/643/22 644/644/23 645/645/24 646/646/25 647/647/26 648/648/27
f 626/626/6 628/628/8 643/643/22 642/642/21
f 624/624/4 626/626/6 642/642/21 641/641/19
f 638/638/18 622/622/1 640/640/20 648/648/27
f 636/636/16 638/638/18 648/648/27 647/647/26
f 634/634/14 636/636/16 647/647/26 646/646/25
f 632/632/12 634/634/14 646/646/25 645/645/24
f 630/630/10 632/632/12 645/645/24 644/644/23
f 628/628/8 630/630/10 644/644/23 643/643/22
f 649/649/1 650/650/2 652/652/3 651/651/4
f 651/651/4 652/652/3 654/654/5 653/653/6
f 653/653/6 654/654/5 656/656/7 655/655/8
f 655/655/8 656/656/7 658/658/9 657/657/10
f 657/657/10 658/658/9 660/660/11 659/659/12
f 659/659/12 660/660/11 662/662/13 661/661/14
f 661/661/14 662/662/13 664/664/15 663/663/16
f 652/652/3 650/650/2 666/666/17 664/664/15 662/662/13 660/660/11 658/658/9 656/656/7 654/654/5
f 663/663/16 664/664/15 666/666/17 665/665/18
f 665/665/18 666/666/17 650/650/2 649/649/1
f 649/649/1 651/651/4 668/668/19 667/667/20
f 667/667/20 668/668/19 669/669/21 670/670/22 671/671/23 672/672/24 673/673/25 674/674/26 675/675/27
f 653/653/6 655/655/8 670/670/22 669/669/21
f 651/651/4 653/653/6 669/669/21 668/668/19
f 665/665/18 649/649/1 667/667/20 675/675/27
f 663/663/16 665/665/18 675/675/27 674/674/26
f 661/661/14 663/663/16 674/674/26 673/673/25
f 659/659/12 661/661/14 673/673/25 672/672/24
f 657/657/10 659/659/12 672/672/24 671/671/23
f 655/655/8 657/657/10 671/671/23 670/670/22
f 676/676/1 677/677/2 679/679/3 678/678/4
f 678/678/4 679/679/3 681/681/5 680/680/6
f 680/680/6 681/681/5 683/683/7 682/682/8
f 682/682/8 683/683/7 685/685/9 684/684/10
f 684/684/10 685/685/9 687/687/11 686/686/12
f 686/686/12 687/687/11 689/689/13 688/688/14
f 688/688/14 689/689/13 691/691/15 690/690/16
f 679/679/3 677/677/2 693/693/17 691/691/15 689/689/13 687/687/11 685/685/9 683/683/7 681/681/5
f 690/690/16 691/691/15 693/693/17 692/692/18
f 692/692/18 693/693/17 677/677/2 676/676/1
f 676/676/1 678/678/4 695/695/19 694/694/20
f 694/694/20 695/695/19 696/696/21 697/697/22 698/698/23 699/699/24 700/700/25 701/701/26 702/702/27
f 680/680/6 682/682/8 697/697/22 696/696/21
f 678/678/4 680/680/6 696/696/21 695/695/19
f 692/692/18 676/676/1 694/694/20 702/702/27
f 690/690/16 692/692/18 702/702/27 701/701/26
f 688/688/14 690/690/16 701/701/26 700/700/25
f 686/686/12 688/688/14 700/700/25 699/699/24
f 684/684/10 686/686/12 699/699/24 698/698/23
f 682/682/8 684/684/10 698/698/23 697/697/22
f 703/703/1 704/704/2 706/706/28 705/705/4
f 705/705/4 706/706/28 708/708/5 707/707/6
f 707/707/6 708/708/5 710/710/7 709/709/8
f 709/709/8 710/710/7 712/712/9 711/711/10
f 711/711/10 712/712/9 714/714/11 713/713/12
f 713/713/12 714/714/11 716/716/13 715/715/14
f 715/715/14 716/716/13 718/718/15 717/717/16
f 706/706/28 704/704/2 720/720/29 718/718/15 716/716/13 714/714/11 712/712/9 710/710/7 708/708/5
f 717/717/16 718/718/15 720/720/29 719/719/18
f 719/719/18 720/720/29 704/704/2 703/703/1
f 703/703/1 705/705/4 722/722/19 721/721/20
f 721/721/20 722/722/19 723/723/21 724/724/22 725/725/23 726/726/24 727/727/25 728/728/26 729/729/27
f 707/707/6 709/709/8 724/724/22 723/723/21
f 705/705/4 707/707/6 723/723/21 722/722/19
f 719/719/18 703/703/1 721/721/20 729/729/27
f 717/717/16 719/719/18 729/729/27 728/728/26
f 715/715/14 717/717/16 728/728/26 727/727/25
f 713/713/12 715/715/14 727/727/25 726/726/24
f 711/711/10 713/713/12 726/726/24 725/725/23
f 709/709/8 711/711/10 725/725/23 724/724/22
f 730/730/1 731/731/2 733/733/3 732/732/4
f 732/732/4 733/733/3 735/735/5 734/734/6
f 734/734/6 735/735/5 737/737/7 736/736/8
f 736/736/8 737/737/7 739/739/9 738/738/10
f 738/738/10 739/739/9 741/741/11 740/740/12
f 740/740/12 741/741/11 743/743/13 742/742/14
f 742/742/14 743/743/13 745/745/15 744/744/16
f 733/733/3 731/731/2 747/747/29 745/745/15 743/743/13 741/741/11 739/739/9 737/737/7 735/735/5
f 744/744/16 745/745/15 747/747/29 746/746/18
f 746/746/18 747/747/29 731/731/2 730/730/1
f 730/730/1 732/732/4 749/749/19 748/748/20
f 748/748/20 749/749/19 750/750/21 751/751/22 752/752/23 753/753/24 754/754/25 755/755/26 756/756/27
f 734/734/6 736/736/8 751/751/22 750/750/21
f 732/732/4 734/734/6 750/750/21 749/749/19
f 746/746/18 730/730/1 748/748/20 756/756/27
f 744/744/16 746/746/18 756/756/27 755/755/26
f 742/742/14 744/744/16 755/755/26 754/754/25
f 740/740/12 742/742/14 754/754/25 753/753/24
f 738/738/10 740/740/12 753/753/24 752/752/23
f 736/736/8 738/738/10 752/752/23 751/751/22
f 757/757/1 758/758/2 760/760/3 759/759/4
f 759/759/4 760/760/3 762/762/5 761/761/6
f 761/761/6 762/762/5 764/764/7 763/763/8
f 763/763/8 764/764/7 766/766/9 765/765/10
f 765/765/10 766/766/9 768/768/11 767/767/12
f 767/767/12 768/768/11 770/770/13 769/769/14
f 769/769/14 770/770/13 772/772/15 771/771/16
f 760/760/3 758/758/2 774/774/17 772/772/15 770/770/13 768/768/11 766/766/9 764/764/7 762/762/5
f 771/771/16 772/772/15 774/774/17 773/773/18
f 773/773/18 774/774/17 758/758/2 757/757/1
f 757/757/1 759/759/4 776/776/19 775/775/20
f 775/775/20 776/776/19 777/777/21 778/778/22 779/779/23 780/780/24 781/781/25 782/782/26 783/783/27
f 761/761/6 763/763/8 778/778/22 777/777/21
f 759/759/4 761/761/6 777/777/21 776/776/19
f 773/773/18 757/757/1 775/775/20 783/783/27
f 771/771/16 773/773/18 783/783/27 782/782/26
f 769/769/14 771/771/16 782/782/26 781/781/25
f 767/767/12 769/769/14 781/781/25 780/780/24
f 765/765/10 767/767/12 780/780/24 779/779/23
f 763/763/8 765/765/10 779/779/23 778/778/22
f 784/784/1 785/785/2 787/787/3 786/786/4
f 786/786/4 787/787/3 789/789/5 788/788/6
f 788/788/6 789/789/5 791/791/7 790/790/8
f 790/790/8 791/791/7 793/793/9 792/792/10
f 792/792/10 793/793/9 795/795/11 794/794/12
f 794/794/12 795/795/11 797/797/13 796/796/14
f 796/796/14 797/797/13 799/799/15 798/798/16
f 787/787/3 785/785/2 801/801/17 799/799/15 797/797/13 795/795/11 793/793/9 791/791/7 789/789/5
f 798/798/16 799/799/15 801/801/17 800/800/18
f 800/800/18 801/801/17 785/785/2 784/784/1
f 784/784/1 786/786/4 803/803/19 802/802/20
f 802/802/20 803/803/19 804/804/21 805/805/22 806/806/23 807/807/24 808/808/25 809/809/26 810/810/27
f 788/788/6 790/790/8 805/805/22 804/804/21
f 786/786/4 788/788/6 804/804/21 803/803/19
f 800/800/18 784/784/1 802/802/20 810/810/27
f 798/798/16 800/800/18 810/810/27 809/809/26
f 796/796/14 798/798/16 809/809/26 808/808/25
f 794/794/12 796/796/14 808/808/25 807/807/24
f 792/792/10 794/794/12 807/807/24 806/806/23
f 790/790/8 792/792/10 806/806/23 805/805/22
f 811/811/1 812/812/2 814/814/28 813/813/4
f 813/813/4 814/814/28 816/816/5 815/815/6
f 815/815/6 816/816/5 818/818/7 817/817/8
f 817/817/8 818/818/7 820/820/9 819/819/10
f 819/819/10 820/820/9 822/822/11 821/821/12
f 821/821/12 822/822/11 824/824/13 823/823/14
f 823/823/14 824/824/13 826/826/15 825/825/16
f 814/814/28 812/812/2 828/828/29 826/826/15 824/824/13 822/822/11 820/820/9 818/818/7 816/816/5
f 825/825/16 826/826/15 828/828/29 827/827/18
f 827/827/18 828/828/29 812/812/2 811/811/1
f 811/811/1 813/813/4 830/830/19 829/829/20
f 829/829/20 830/830/19 831/831/21 832/832/22 833/833/23 834/834/24 835/835/25 836/836/26 837/837/27
f 815/815/6 817/817/8 832/832/22 831/831/21
f 813/813/4 815/815/6 831/831/21 830/830/19
f 827/827/18 811/811/1 829/829/20 837/837/27
f 825/825/16 827/827/18 837/837/27 836/836/26
f 823/823/14 825/825/16 836/836/26 835/835/25
f 821/821/12 823/823/14 835/835/25 834/834/24
f 819/819/10 821/821/12 834/834/24 833/833/23
f 817/817/8 819/819/10 833/833/23 832/832/22
f 838/838/1 839/839/2 841/841/3 840/840/4
f 840/840/4 841/841/3 843/843/5 842/842/6
f 842/842/6 843/843/5 845/845/7 844/844/8
f 844/844/8 845/845/7 847/847/9 846/846/10
f 846/846/10 847/847/9 849/849/11 848/848/12
f 848/848/12 849/849/11 851/851/13 850/850/14
f 850/850/14 851/851/13 853/853/15 852/852/16
f 841/841/3 839/839/2 855/855/29 853/853/15 851/851/13 849/849/11 847/847/9 845/845/7 843/843/5
f 852/852/16 853/853/15 855/855/29 854/854/18
f 854/854/18 855/855/29 839/839/2 838/838/1
f 838/838/1 840/840/4 857/857/19 856/856/20
f 856/856/20 857/857/19 858/858/21 859/859/22 860/860/23 861/861/24 862/862/25 863/863/26 864/864/27
f 842/842/6 844/844/8 859/859/22 858/858/21
f 840/840/4 842/842/6 858/858/21 857/857/19
f 854/854/18 838/838/1 856/856/20 864/864/27
f 852/852/16 854/854/18 864/864/27 863/863/26
f 850/850/14 852/852/16 863/863/26 862/862/25
f 848/848/12 850/850/14 862/862/25 861/861/24
f 846/846/10 848/848/12 861/861/24 860/860/23
f 844/844/8 846/846/10 860/860/23 859/859/22
f 865/865/1 866/866/2 868/868/3 867/867/4
f 867/867/4 868/868/3 870/870/5 869/869/6
f 869/869/6 870/870/5 872/872/7 871/871/8
f 871/871/8 872/872/7 874/874/9 873/873/10
f 873/873/10 874/874/9 876/876/11 875/875/12
f 875/875/12 876/876/11 878/878/13 877/877/14
f 877/877/14 878/878/13 880/880/15 879/879/16
f 868/868/3 866/866/2 882/882/17 880/880/15 878/878/13 876/876/11 874/874/9 872/872/7 870/870/5
f 879/879/16 880/880/15 882/882/17 881/881/18
f 881/881/18 882/882/17 866/866/2 865/865/1
f 865/865/1 867/867/4 884/884/19 883/883/20
f 883/883/20 884/884/19 885/885/21 886/886/22 887/887/23 888/888/24 889/889/25 890/890/26 891/891/27
f 869/869/6 871/871/8 886/886/22 885/885/21
f 867/867/4 869/869/6 885/885/21 884/884/19
f 881/881/18 865/865/1 883/883/20 891/891/27
f 879/879/16 881/881/18 891/891/27 890/890/26
f 877/877/14 879/879/16 890/890/26 889/889/25
f 875/875/12 877/877/14 889/889/25 888/888/24
f 873/873/10 875/875/12 888/888/24 887/887/23
f 871/871/8 873/873/10 887/887/23 886/886/22
f 892/892/1 893/893/2 895/895/3 894/894/4
f 894/894/4 895/895/3 897/897/5 896/896/6
f 896/896/6 897/897/5 899/899/7 898/898/8
f 898/898/8 899/899/7 901/901/9 900/900/10
f 900/900/10 901/901/9 903/903/11 902/902/12
f 902/902/12 903/903/11 905/905/13 904/904/14
f 904/904/14 905/905/13 907/907/15 906/906/16
f 895/895/3 893/893/2 909/909/17 907/907/15 905/905/13 903/903/11 901/901/9 899/899/7 897/897/5
f 906/906/16 907/907/15 909/909/17 908/908/18
f 908/908/18 909/909/17 893/893/2 892/892/1
f 892/892/1 894/894/4 911/911/19 910/910/20
f 910/910/20 911/911/19 912/912/21 913/913/22 914/914/23 915/915/24 916/916/25 917/917/26 918/918/27
f 896/896/6 898/898/8 913/913/22 912/912/21
f 894/894/4 896/896/6 912/912/21 911/911/19
f 908/908/18 892/892/1 910/910/20 918/918/27
f 906/906/16 908/908/18 918/918/27 917/917/26
f 904/904/14 906/906/16 917/917/26 916/916/25
f 902/902/12 904/904/14 916/916/25 915/915/24
f 900/900/10 902/902/12 915/915/24 914/914/23
f 898/898/8 900/900/10 914/914/23 913/913/22
f 919/919/1 920/920/2 922/922/28 921/921/4
f 921/921/4 922/922/28 924/924/5 923/923/6
f 923/923/6 924/924/5 926/926/7 925/925/8
f 925/925/8 926/926/7 928/928/9 927/927/10
f 927/927/10 928/928/9 930/930/11 929/929/12
f 929/929/12 930/930/11 932/932/13 931/931/14
f 931/931/14 932/932/13 934/934/15 933/933/16
f 922/922/28 920/920/2 936/936/29 934/934/15 932/932/13 930/930/11 928/928/9 926/926/7 924/924/5
f 933/933/16 934/934/15 936/936/29 935/935/18
f 935/935/18 936/936/29 920/920/2 919/919/1
f 919/919/1 921/921/4 938/938/19 937/937/20
f 937/937/20 938/938/19 939/939/21 940/940/22 941/941/23 942/942/24 943/943/25 944/944/26 945/945/27
f 923/923/6 925/925/8 940/940/22 939/939/21
f 921/921/4 923/923/6 939/939/21 938/938/19
f 935/935/18 919/919/1 937/937/20 945/945/27
f 933/933/16 935/935/18 945/945/27 944/944/26
f 931/931/14 933/933/16 944/944/26 943/943/25
f 929/929/12 931/931/14 943/943/25 942/942/24
f 927/927/10 929/929/12 942/942/24 941/941/23
f 925/925/8 927/927/10 941/941/23 940/940/22
f 946/946/1 947/947/2 949/949/3 948/948/4
f 948/948/4 949/949/3 951/951/5 950/950/6
f 950/950/6 951/951/5 953/953/7 952/952/8
f 952/952/8 953/953/7 955/955/9 954/954/10
f 954/954/10 955/955/9 957/957/11 956/956/12
f 956/956/12 957/957/11 959/959/13 958/958/14
f 958/958/14 959/959/13 961/961/15 960/960/16
f 949/949/3 947/947/2 963/963/29 961/961/15 959/959/13 957/957/11 955/955/9 953/953/7 951/951/5
f 960/960/16 961/961/15 963/963/29 962/962/18
f 962/962/18 963/963/29 947/947/2 946/946/1
f 946/946/1 948/948/4 965/965/19 964/964/20
f 964/964/20 965/965/19 966/966/21 967/967/22 968/968/23 969/969/24 970/970/25 971/971/26 972/972/27
f 950/950/6 952/952/8 967/967/22 966/966/21
f 948/948/4 950/950/6 966/966/21 965/965/19
f 962/962/18 946/946/1 964/964/20 972/972/27
f 960/960/16 962/962/18 972/972/27 971/971/26
f 958/958/14 960/960/16 971/971/26 970/970/25
f 956/956/12 958/958/14 970/970/25 969/969/24
f 954/954/10 956/956/12 969/969/24 968/968/23
f 952/952/8 954/954/10 968/968/23 967/967/22
f 973/973/1 974/974/2 976/976/3 975/975/4
f 975/975/4 976/976/3 978/978/5 977/977/6
f 977/977/6 978/978/5 980/980/7 979/979/8
f 979/979/8 980/980/7 982/982/9 981/981/10
f 981/981/10 982/982/9 984/984/11 983/983/12
f 983/983/12 984/984/11 986/986/13 985/985/14
f 985/985/14 986/986/13 988/988/15 987/987/16
f 976/976/3 974/974/2 990/990/17 988/988/15 986/986/13 984/984/11 982/982/9 980/980/7 978/978/5
f 987/987/16 988/988/15 990/990/17 989/989/18
f 989/989/18 990/990/17 974/974/2 973/973/1
f 973/973/1 975/975/4 992/992/19 991/991/20
f 991/991/20 992/992/19 993/993/21 994/994/22 995/995/23 996/996/24 997/997/25 998/998/26 999/999/27
f 977/977/6 979/979/8 994/994/22 993/993/21
f 975/975/4 977/977/6 993/993/21 992/992/19
f 989/989/18 973/973/1 991/991/20 999/999/27
f 987/987/16 989/989/18 999/999/27 998/998/26
f 985/985/14 987/987/16 998/998/26 997/997/25
f 983/983/12 985/985/14 997/997/25 996/996/24
f 981/981/10 983/983/12 996/996/24 995/995/23
f 979/979/8 981/981/10 995/995/23 994/994/22
f 1000/1000/1 1001/1001/2 1003/1003/3 1002/1002/4
f 1002/1002/4 1003/1003/3 1005/1005/5 1004/1004/6
f 1004/1004/6 1005/1005/5 1007/1007/7 1006/1006/8
f 1006/1006/8 1007/1007/7 1009/1009/9 1008/1008/10
f 1008/1008/10 1009/1009/9 1011/1011/11 1010/1010/12
f 1010/1010/12 1011/1011/11 1013/1013/13 1012/1012/14
f 1012/1012/14 1013/1013/13 1015/1015/15 1014/1014/16
f 1003/1003/3 1001/1001/2 1017/1017/17 1015/1015/15 1013/1013/13 1011/1011/11 1009/1009/9 1007/1007/7 1005/1005/5
f 1014/1014/16 1015/1015/15 1017/1017/17 1016/1016/18
f 1016/1016/18 1017/1017/17 1001/1001/2 1000/1000/1
f 1000/1000/1 1002/1002/4 1019/1019/19 1018/1018/20
f 1018/1018/20 1019/1019/19 1020/1020/21 1021/1021/22 1022/1022/23 1023/1023/24 1024/1024/25 1025/1025/26 1026/1026/27
f 1004/1004/6 1006/1006/8 1021/1021/22 1020/1020/21
f 1002/1002/4 1004/1004/6 1020/1020/21 1019/1019/19
f 1016/1016/18 1000/1000/1 1018/1018/20 1026/1026/27
f 1014/1014/16 1016/1016/18 1026/1026/27 1025/1025/26
f 1012/1012/14 1014/1014/16 1025/1025/26 1024/1024/25
f 1010/1010/12 1012/1012/14 1024/1024/25 1023/1023/24
f 1008/1008/10 1010/1010/12 1023/1023/24 1022/1022/23
f 1006/1006/8 1008/1008/10 1022/1022/23 1021/1021/22
f 1027/1027/1 1028/1028/2 1030/1030/28 1029/1029/4
f 1029/1029/4 1030/1030/28 1032/1032/5 1031/1031/6
f 1031/1031/6 1032/1032/5 1034/1034/7 1033/1033/8
f 1033/1033/8 1034/1034/7 1036/1036/9 1035/1035/10
f 1035/1035/10 1036/1036/9 1038/1038/11 1037/1037/12
f 1037/1037/12 1038/1038/11 1040/1040/13 1039/1039/14
f 1039/1039/14 1040/1040/13 1042/1042/15 1041/1041/16
f 1030/1030/28 1028/1028/2 1044/1044/29 1042/1042/15 1040/1040/13 1038/1038/11 1036/1036/9 1034/1034/7 1032/1032/5
f 1041/1041/16 1042/1042/15 1044/1044/29 1043/1043/18
f 1043/1043/18 1044/1044/29 1028/1028/2 1027/1027/1
f 1027/1027/1 1029/1029/4 1046/1046/19 1045/1045/20
f 1045/1045/20 1046/1046/19 1047/1047/21 1048/1048/22 1049/1049/23 1050/1050/24 1051/1051/25 1052/1052/26 1053/1053/27
f 1031/1031/6 1033/1033/8 1048/1048/22 1047/1047/21
f 1029/1029/4 1031/1031/6 1047/1047/21 1046/1046/19
f 1043/1043/18 1027/1027/1 1045/1045/20 1053/1053/27
f 1041/1041/16 1043/1043/18 1053/1053/27 1052/1052/26
f 1039/1039/14 1041/1041/16 1052/1052/26 1051/1051/25
f 1037/1037/12 1039/1039/14 1051/1051/25 1050/1050/24
f 1035/1035/10 1037/1037/12 1050/1050/24 1049/1049/23
f 1033/1033/8 1035/1035/10 1049/1049/23 1048/1048/22
f 1054/1054/1 1055/1055/2 1057/1057/3 1056/1056/4
f 1056/1056/4 1057/1057/3 1059/1059/5 1058/1058/6
f 1058/1058/6 1059/1059/5 1061/1061/7 1060/1060/8
f 1060/1060/8 1061/1061/7 1063/1063/9 1062/1062/10
f 1062/1062/10 1063/1063/9 1065/1065/11 1064/1064/12
f 1064/1064/12 1065/1065/11 1067/1067/13 1066/1066/14
f 1066/1066/14 1067/1067/13 1069/1069/15 1068/1068/16
f 1057/1057/3 1055/1055/2 1071/1071/29 1069/1069/15 1067/1067/13 1065/1065/11 1063/1063/9 1061/1061/7 1059/1059/5
f 1068/1068/16 1069/1069/15 1071/1071/29 1070/1070/18
f 1070/1070/18 1071/1071/29 1055/1055/2 1054/1054/1
f 1054/1054/1 1056/1056/4 1073/1073/19 1072/1072/20
f 1072/1072/20 1073/1073/19 1074/1074/21 1075/1075/22 1076/1076/23 1077/1077/24 1078/1078/25 1079/1079/26 1080/1080/27
f 1058/1058/6 1060/1060/8 1075/1075/22 1074/1074/21
f 1056/1056/4 1058/1058/6 1074/1074/21 1073/1073/19
f 1070/1070/18 1054/1054/1 1072/1072/20 1080/1080/27
f 1068/1068/16 1070/1070/18 1080/1080/27 1079/1079/26
f 1066/1066/14 1068/1068/16 1079/1079/26 1078/1078/25
f 1064/1064/12 1066/1066/14 1078/1078/25 1077/1077/24
f 1062/1062/10 1064/1064/12 1077/1077/24 1076/1076/23
f 1060/1060/8 1062/1062/10 1076/1076/23 1075/1075/22
f 1081/1081/1 1082/1082/2 1084/1084/3 1083/1083/4
f 1083/1083/4 1084/1084/3 1086/1086/5 1085/1085/6
f 1085/1085/6 1086/1086/5 1088/1088/7 1087/1087/8
f 1087/1087/8 1088/1088/7 1090/1090/9 1089/1089/10
f 1089/1089/10 1090/1090/9 1092/1092/11 1091/1091/12
f 1091/1091/12 1092/1092/11 1094/1094/13 1093/1093/14
f 1093/1093/14 1094/1094/13 1096/1096/15 1095/1095/16
f 1084/1084/3 1082/1082/2 1098/1098/17 1096/1096/15 1094/1094/13 1092/1092/11 1090/1090/9 1088/1088/7 1086/1086/5
f 1095/1095/16 1096/1096/15 1098/1098/17 1097/1097/18
f 1097/1097/18 1098/1098/17 1082/1082/2 1081/1081/1
f 1081/1081/1 1083/1083/4 1100/1100/19 1099/1099/20
f 1099/1099/20 1100/1100/19 1101/1101/21 1102/1102/22 1103/1103/23 1104/1104/24 1105/1105/25 1106/1106/26 1107/1107/27
f 1085/1085/6 1087/1087/8 1102/1102/22 1101/1101/21
f 1083/1083/4 1085/1085/6 1101/1101/21 1100/1100/19
f 1097/1097/18 1081/1081/1 1099/1099/20 1107/1107/27
f 1095/1095/16 1097/1097/18 1107/1107/27 1106/1106/26
f 1093/1093/14 1095/1095/16 1106/1106/26 1105/1105/25
f 1091/1091/12 1093/1093/14 1105/1105/25 1104/1104/24
f 1089/1089/10 1091/1091/12 1104/1104/24 1103/1103/23
f 1087/1087/8 1089/1089/10 1103/1103/23 1102/1102/22
f 1108/1108/1 1109/1109/2 1111/1111/3 1110/1110/4
f 1110/1110/4 1111/1111/3 1113/1113/5 1112/1112/6
f 1112/1112/6 1113/1113/5 1115/1115/7 1114/1114/8
f 1114/1114/8 1115/1115/7 1117/1117/9 1116/1116/10
f 1116/1116/10 1117/1117/9 1119/1119/11 1118/1118/12
f 1118/1118/12 1119/1119/11 1121/1121/13 1120/1120/14
f 1120/1120/14 1121/1121/13 1123/1123/15 1122/1122/16
f 1111/1111/3 1109/1109/2 1125/1125/17 1123/1123/15 1121/1121/13 1119/1119/11 1117/1117/9 1115/1115/7 1113/1113/5
f 1122/1122/16 1123/1123/15 1125/1125/17 1124/1124/18
f 1124/1124/18 1125/1125/17 1109/1109/2 1108/1108/1
f 1108/1108/1 1110/1110/4 1127/1127/19 1126/1126/20
f 1126/1126/20 1127/1127/19 1128/1128/21 1129/1129/22 1130/1130/23 1131/1131/24 1132/1132/25 1133/1133/26 1134/1134/27
f 1112/1112/6 1114/1114/8 1129/1129/22 1128/1128/21
f 1110/1110/4 1112/1112/6 1128/1128/21 1127/1127/19
f 1124/1124/18 1108/1108/1 1126/1126/20 1134/1134/27
f 1122/1122/16 1124/1124/18 1134/1134/27 1133/1133/26
f 1120/1120/14 1122/1122/16 1133/1133/26 1132/1132/25
f 1118/1118/12 1120/1120/14 1132/1132/25 1131/1131/24
f 1116/1116/10 1118/1118/12 1131/1131/24 1130/1130/23
f 1114/1114/8 1116/1116/10 1130/1130/23 1129/1129/22
f 1135/1135/1 1136/1136/2 1138/1138/28 1137/1137/4
f 1137/1137/4 1138/1138/28 1140/1140/5 1139/1139/6
f 1139/1139/6 1140/1140/5 1142/1142/7 1141/1141/8
f 1141/1141/8 1142/1142/7 1144/1144/9 1143/1143/10
f 1143/1143/10 1144/1144/9 1146/1146/11 1145/1145/12
f 1145/1145/12 1146/1146/11 1148/1148/13 1147/1147/14
f 1147/1147/14 1148/1148/13 1150/1150/15 1149/1149/16
f 1138/1138/28 1136/1136/2 1152/1152/29 1150/1150/15 1148/1148/13 1146/1146/11 1144/1144/9 1142/1142/7 1140/1140/5
f 1149/1149/16 1150/1150/15 1152/1152/29 1151/1151/18
f 1151/1151/18 1152/1152/29 1136/1136/2 1135/1135/1
f 1135/1135/1 1137/1137/4 1154/1154/19 1153/1153/20
f 1153/1153/20 1154/1154/19 1155/1155/21 1156/1156/22 1157/1157/23 1158/1158/24 1159/1159/25 1160/1160/26 1161/1161/27
f 1139/1139/6 1141/1141/8 1156/1156/22 1155/1155/21
f 1137/1137/4 1139/1139/6 1155/1155/21 1154/1154/19
f 1151/1151/18 1135/1135/1 1153/1153/20 1161/1161/27
f 1149/1149/16 1151/1151/18 1161/1161/27 1160/1160/26
f 1147/1147/14 1149/1149/16 1160/1160/26 1159/1159/25
f 1145/1145/12 1147/1147/14 1159/1159/25 1158/1158/24
f 1143/1143/10 1145/1145/12 1158/1158/24 1157/1157/23
f 1141/1141/8 1143/1143/10 1157/1157/23 1156/1156/22
f 1162/1162/1 1163/1163/2 1165/1165/3 1164/1164/4
f 1164/1164/4 1165/1165/3 1167/1167/5 1166/1166/6
f 1166/1166/6 1167/1167/5 1169/1169/7 1168/1168/8
f 1168/1168/8 1169/1169/7 1171/1171/9 1170/1170/10
f 1170/1170/10 1171/1171/9 1173/1173/11 1172/1172/12
f 1172/1172/12 1173/1173/11 1175/1175/13 1174/1174/14
f 1174/1174/14 1175/1175/13 1177/1177/15 1176/1176/16
f 1165/1165/3 1163/1163/2 1179/1179/29 1177/1177/15 1175/1175/13 1173/1173/11 1171/1171/9 1169/1169/7 1167/1167/5
f 1176/1176/16 1177/1177/15 1179/1179/29 1178/1178/18
f 1178/1178/18 1179/1179/29 1163/1163/2 1162/1162/1
f 1162/1162/1 1164/1164/4 1181/1181/19 1180/1180/20
f 1180/1180/20 1181/1181/19 1182/1182/21 1183/1183/22 1184/1184/23 1185/1185/24 1186/1186/25 1187/1187/26 1188/1188/27
f 1166/1166/6 1168/1168/8 1183/1183/22 1182/1182/21
f 1164/1164/4 1166/1166/6 1182/1182/21 1181/1181/19
f 1178/1178/18 1162/1162/1 1180/1180/20 1188/1188/27
f 1176/1176/16 1178/1178/18 1188/1188/27 1187/1187/26
f 1174/1174/14 1176/1176/16 1187/1187/26 1186/1186/25
f 1172/1172/12 1174/1174/14 1186/1186/25 1185/1185/24
f 1170/1170/10 1172/1172/12 1185/1185/24 1184/1184/23
f 1168/1168/8 1170/1170/10 1184/1184/23 1183/1183/22
f 1189/1189/1 1190/1190/2 1192/1192/3 1191/1191/4
f 1191/1191/4 1192/1192/3 1194/1194/5 1193/1193/6
f 1193/1193/6 1194/1194/5 1196/1196/7 1195/1195/8
f 1195/1195/8 1196/1196/7 1198/1198/9 1197/1197/10
f 1197/1197/10 1198/1198/9 1200/1200/11 1199/1199/12
f 1199/1199/12 1200/1200/11 1202/1202/13 1201/1201/14
f 1201/1201/14 1202/1202/13 1204/1204/15 1203/1203/16
f 1192/1192/3 1190/1190/2 1206/1206/17 1204/1204/15 1202/1202/13 1200/1200/11 1198/1198/9 1196/1196/7 1194/1194/5
f 1203/1203/16 1204/1204/15 1206/1206/17 1205/1205/18
f 1205/1205/18 1206/1206/17 1190/1190/2 1189/1189/1
f 1189/1189/1 1191/1191/4 1208/1208/19 1207/1207/20
f 1207/1207/20 1208/1208/19 1209/1209/21 1210/1210/22 1211/1211/23 1212/1212/24 1213/1213/25 1214/1214/26 1215/1215/27
f 1193/1193/6 1195/1195/8 1210/1210/22 1209/1209/21
f 1191/1191/4 1193/1193/6 1209/1209/21 1208/1208/19
f 1205/1205/18 1189/1189/1 1207/1207/20 1215/1215/27
f 1203/1203/16 1205/1205/18 1215/1215/27 1214/1214/26
f 1201/1201/14 1203/1203/16 1214/1214/26 1213/1213/25
f 1199/1199/12 1201/1201/14 1213/1213/25 1212/1212/24
f 1197/1197/10 1199/1199/12 1212/1212/24 1211/1211/23
f 1195/1195/8 1197/1197/10 1211/1211/23 1210/1210/22
f 1216/1216/1 1217/1217/2 1219/1219/3 1218/1218/4
f 1218/1218/4 1219/1219/3 1221/1221/5 1220/1220/6
f 1220/1220/6 1221/1221/5 1223/1223/7 1222/1222/8
f 1222/1222/8 1223/1223/7 1225/1225/9 1224/1224/10
f 1224/1224/10 1225/1225/9 1227/1227/11 1226/1226/12
f 1226/1226/12 1227/1227/11 1229/1229/13 1228/1228/14
f 1228/1228/14 1229/1229/13 1231/1231/15 1230/1230/16
f 1219/1219/3 1217/1217/2 1233/1233/17 1231/1231/15 1229/1229/13 1227/1227/11 1225/1225/9 1223/1223/7 1221/1221/5
f 1230/1230/16 1231/1231/15 1233/1233/17 1232/1232/18
f 1232/1232/18 1233/1233/17 1217/1217/2 1216/1216/1
f 1216/1216/1 1218/1218/4 1235/1235/19 1234/1234/20
f 1234/1234/20 1235/1235/19 1236/1236/21 1237/1237/22 1238/1238/23 1239/1239/24 1240/1240/25 1241/1241/26 1242/1242/27
f 1220/1220/6 1222/1222/8 1237/1237/22 1236/1236/21
f 1218/1218/4 1220/1220/6 1236/1236/21 1235/1235/19
f 1232/1232/18 1216/1216/1 1234/1234/20 1242/1242/27
f 1230/1230/16 1232/1232/18 1242/1242/27 1241/1241/26
f 1228/1228/14 1230/1230/16 1241/1241/26 1240/1240/25
f 1226/1226/12 1228/1228/14 1240/1240/25 1239/1239/24
f 1224/1224/10 1226/1226/12 1239/1239/24 1238/1238/23
f 1222/1222/8 1224/1224/10 1238/1238/23 1237/1237/22
f 1243/1243/1 1244/1244/2 1246/1246/28 1245/1245/4
f 1245/1245/4 1246/1246/28 1248/1248/5 1247/1247/6
f 1247/1247/6 1248/1248/5 1250/1250/7 1249/1249/8
f 1249/1249/8 1250/1250/7 1252/1252/9 1251/1251/10
f 1251/1251/10 1252/1252/9 1254/1254/11 1253/1253/12
f 1253/1253/12 1254/1254/11 1256/1256/13 1255/1255/14
f 1255/1255/14 1256/1256/13 1258/1258/15 1257/1257/16
f 1246/1246/28 1244/1244/2 1260/1260/29 1258/1258/15 1256/1256/13 1254/1254/11 1252/1252/9 1250/1250/7 1248/1248/5
f 1257/1257/16 1258/1258/15 1260/1260/29 1259/1259/18
f 1259/1259/18 1260/1260/29 1244/1244/2 1243/1243/1
f 1243/1243/1 1245/1245/4 1262/1262/19 1261/1261/20
f 1261/1261/20 1262/1262/19 1263/1263/21 1264/1264/22 1265/1265/23 1266/1266/24 1267/1267/25 1268/1268/26 1269/1269/27
f 1247/1247/6 1249/1249/8 1264/1264/22 1263/1263/21
f 1245/1245/4 1247/1247/6 1263/1263/21 1262/1262/19
f 1259/1259/18 1243/1243/1 1261/1261/20 1269/1269/27
f 1257/1257/16 1259/1259/18 1269/1269/27 1268/1268/26
f 1255/1255/14 1257/1257/16 1268/1268/26 1267/1267/25
f 1253/1253/12 1255/1255/14 1267/1267/25 1266/1266/24
f 1251/1251/10 1253/1253/12 1266/1266/24 1265/1265/23
f 1249/1249/8 1251/1251/10 1265/1265/23 1264/1264/22
f 1270/1270/1 1271/1271/2 1273/1273/3 1272/1272/4
f 1272/1272/4 1273/1273/3 1275/1275/5 1274/1274/6
f 1274/1274/6 1275/1275/5 1277/1277/7 1276/1276/8
f 1276/1276/8 1277/1277/7 1279/1279/9 1278/1278/10
f 1278/1278/10 1279/1279/9 1281/1281/11 1280/1280/12
f 1280/1280/12 1281/1281/11 1283/1283/13 1282/1282/14
f 1282/1282/14 1283/1283/13 1285/1285/15 1284/1284/16
f 1273/1273/3 1271/1271/2 1287/1287/29 1285/1285/15 1283/1283/13 1281/1281/11 1279/1279/9 1277/1277/7 1275/1275/5
f 1284/1284/16 1285/1285/15 1287/1287/29 1286/1286/18
f 1286/1286/18 1287/1287/29 1271/1271/2 1270/1270/1
f 1270/1270/1 1272/1272/4 1289/1289/19 1288/1288/20
f 1288/1288/20 1289/1289/19 1290/1290/21 1291/1291/22 1292/1292/23 1293/1293/24 1294/1294/25 1295/1295/26 1296/1296/27
f 1274/1274/6 1276/1276/8 1291/1291/22 1290/1290/21
f 1272/1272/4 1274/1274/6 1290/1290/21 1289/1289/19
f 1286/1286/18 1270/1270/1 1288/1288/20 1296/1296/27
f 1284/1284/16 1286/1286/18 1296/1296/27 1295/1295/26
f 1282/1282/14 1284/1284/16 1295/1295/26 1294/1294/25
f 1280/1280/12 1282/1282/14 1294/1294/25 1293/1293/24
f 1278/1278/10 1280/1280/12 1293/1293/24 1292/1292/23
f 1276/1276/8 1278/1278/10 1292/1292/23 1291/1291/22
f 1297/1297/1 1298/1298/2 1300/1300/3 1299/1299/4
f 1299/1299/4 1300/1300/3 1302/1302/5 1301/1301/6
f 1301/1301/6 1302/1302/5 1304/1304/7 1303/1303/8
f 1303/1303/8 1304/1304/7 1306/1306/9 1305/1305/10
f 1305/1305/10 1306/1306/9 1308/1308/11 1307/1307/12
f 1307/1307/12 1308/1308/11 1310/1310/13 1309/1309/14
f 1309/1309/14 1310/1310/13 1312/1312/15 1311/1311/16
f 1300/1300/3 1298/1298/2 1314/1314/17 1312/1312/15 1310/1310/13 1308/1308/11 1306/1306/9 1304/1304/7 1302/1302/5
f 1311/1311/16 1312/1312/15 1314/1314/17 1313/1313/18
f 1313/1313/18 1314/1314/17 1298/1298/2 1297/1297/1
f 1297/1297/1 1299/1299/4 1316/1316/19 1315/1315/20
f 1315/1315/20 1316/1316/19 1317/1317/21 1318/1318/22 1319/1319/23 1320/1320/24 1321/1321/25 1322/1322/26 1323/1323/27
f 1301/1301/6 1303/1303/8 1318/1318/22 1317/1317/21
f 1299/1299/4 1301/1301/6 1317/1317/21 1316/1316/19
f 1313/1313/18 1297/1297/1 1315/1315/20 1323/1323/27
f 1311/1311/16 1313/1313/18 1323/1323/27 1322/1322/26
f 1309/1309/14 1311/1311/16 1322/1322/26 1321/1321/25
f 1307/1307/12 1309/1309/14 1321/1321/25 1320/1320/24
f 1305/1305/10 1307/1307/12 1320/1320/24 1319/1319/23
f 1303/1303/8 1305/1305/10 1319/1319/23 1318/1318/22
f 1324/1324/1 1325/1325/2 1327/1327/3 1326/1326/4
f 1326/1326/4 1327/1327/3 1329/1329/5 1328/1328/6
f 1328/1328/6 1329/1329/5 1331/1331/7 1330/1330/8
f 1330/1330/8 1331/1331/7 1333/1333/9 1332/1332/10
f 1332/1332/10 1333/1333/9 1335/1335/11 1334/1334/12
f 1334/1334/12 1335/1335/11 1337/1337/13 1336/1336/14
f 1336/1336/14 1337/1337/13 1339/1339/15 1338/1338/16
f 1327/1327/3 1325/1325/2 1341/1341/17 1339/1339/15 1337/1337/13 1335/1335/11 1333/1333/9 1331/1331/7 1329/1329/5
f 1338/1338/16 1339/1339/15 1341/1341/17 1340/1340/18
f 1340/1340/18 1341/1341/17 1325/1325/2 1324/1324/1
f 1324/1324/1 1326/1326/4 1343/1343/19 1342/1342/20
f 1342/1342/20 1343/1343/19 1344/1344/21 1345/1345/22 1346/1346/23 1347/1347/24 1348/1348/25 1349/1349/26 1350/1350/27
f 1328/1328/6 1330/1330/8 1345/1345/22 1344/1344/21
f 1326/1326/4 1328/1328/6 1344/1344/21 1343/1343/19
f 1340/1340/18 1324/1324/1 1342/1342/20 1350/1350/27
f 1338/1338/16 1340/1340/18 1350/1350/27 1349/1349/26
f 1336/1336/14 1338/1338/16 1349/1349/26 1348/1348/25
f 1334/1334/12 1336/1336/14 1348/1348/25 1347/1347/24
f 1332/1332/10 1334/1334/12 1347/1347/24 1346/1346/23
f 1330/1330/8 1332/1332/10 1346/1346/23 1345/1345/22
f 1351/1351/1 1352/1352/2 1354/1354/28 1353/1353/4
f 1353/1353/4 1354/1354/28 1356/1356/5 1355/1355/6
f 1355/1355/6 1356/1356/5 1358/1358/7 1357/1357/8
f 1357/1357/8 1358/1358/7 1360/1360/9 1359/1359/10
f 1359/1359/10 1360/1360/9 1362/1362/11 1361/1361/12
f 1361/1361/12 1362/1362/11 1364/1364/13 1363/1363/14
f 1363/1363/14 1364/1364/13 1366/1366/15 1365/1365/16
f 1354/1354/28 1352/1352/2 1368/1368/29 1366/1366/15 1364/1364/13 1362/1362/11 1360/1360/9 1358/1358/7 1356/1356/5
f 1365/1365/16 1366/1366/15 1368/1368/29 1367/1367/18
f 1367/1367/18 1368/1368/29 1352/1352/2 1351/1351/1
f 1351/1351/1 1353/1353/4 1370/1370/19 1369/1369/20
f 1369/1369/20 1370/1370/19 1371/1371/21 1372/1372/22 1373/1373/23 1374/1374/24 1375/1375/25 1376/1376/26 1377/1377/27
f 1355/1355/6 1357/1357/8 1372/1372/22 1371/1371/21
f 1353/1353/4 1355/1355/6 1371/1371/21 1370/1370/19
f 1367/1367/18 1351/1351/1 1369/1369/20 1377/1377/27
f 1365/1365/16 1367/1367/18 1377/1377/27 1376/1376/26
f 1363/1363/14 1365/1365/16 1376/1376/26 1375/1375/25
f 1361/1361/12 1363/1363/14 1375/1375/25 1374/1374/24
f 1359/1359/10 1361/1361/12 1374/1374/24 1373/1373/23
f 1357/1357/8 1359/1359/10 1373/1373/23 1372/1372/22
f 1378/1378/1 1379/1379/2 1381/1381/3 1380/1380/4
f 1380/1380/4 1381/1381/3 1383/1383/5 1382/1382/6
f 1382/1382/6 1383/1383/5 1385/1385/7 1384/1384/8
f 1384/1384/8 1385/1385/7 1387/1387/9 1386/1386/10
f 1386/1386/10 1387/1387/9 1389/1389/11 1388/1388/12
f 1388/1388/12 1389/1389/11 1391/1391/13 1390/1390/14
f 1390/1390/14 1391/1391/13 1393/1393/15 1392/1392/16
f 1381/1381/3 1379/1379/2 1395/1395/29 1393/1393/15 1391/1391/13 1389/1389/11 1387/1387/9 1385/1385/7 1383/1383/5
f 1392/1392/16 1393/1393/15 1395/1395/29 1394/1394/18
f 1394/1394/18 1395/1395/29 1379/1379/2 1378/1378/1
f 1378/1378/1 1380/1380/4 1397/1397/19 1396/1396/20
f 1396/1396/20 1397/1397/19 1398/1398/21 1399/1399/22 1400/1400/23 1401/1401/24 1402/1402/25 1403/1403/26 1404/1404/27
f 1382/1382/6 1384/1384/8 1399/1399/22 1398/1398/21
f 1380/1380/4 1382/1382/6 1398/1398/21 1397/1397/19
f 1394/1394/18 1378/1378/1 1396/1396/20 1404/1404/27
f 1392/1392/16 1394/1394/18 1404/1404/27 1403/1403/26
f 1390/1390/14 1392/1392/16 1403/1403/26 1402/1402/25
f 1388/1388/12 1390/1390/14 1402/1402/25 1401/1401/24
f 1386/1386/10 1388/1388/12 1401/1401/24 1400/1400/23
f 1384/1384/8 1386/1386/10 1400/1400/23 1399/1399/22
f 1405/1405/1 1406/1406/2 1408/1408/3 1407/1407/4
f 1407/1407/4 1408/1408/3 1410/1410/5 1409/1409/6
f 1409/1409/6 1410/1410/5 1412/1412/7 1411/1411/8
f 1411/1411/8 1412/1412/7 1414/1414/9 1413/1413/10
f 1413/1413/10 1414/1414/9 1416/1416/11 1415/1415/12
f 1415/1415/12 1416/1416/11 1418/1418/13 1417/1417/14
f 1417/1417/14 1418/1418/13 1420/1420/15 1419/1419/16
f 1408/1408/3 1406/1406/2 1422/1422/17 1420/1420/15 1418/1418/13 1416/1416/11 1414/1414/9 1412/1412/7 1410/1410/5
f 1419/1419/16 1420/1420/15 1422/1422/17 1421/1421/18
f 1421/1421/18 1422/1422/17 1406/1406/2 1405/1405/1
f 1405/1405/1 1407/1407/4 1424/1424/19 1423/1423/20
f 1423/1423/20 1424/1424/19 1425/1425/21 1426/1426/22 1427/1427/23 1428/1428/24 1429/1429/25 1430/1430/26 1431/1431/27
f 1409/1409/6 1411/1411/8 1426/1426/22 1425/1425/21
f 1407/1407/4 1409/1409/6 1425/1425/21 1424/1424/19
f 1421/1421/18 1405/1405/1 1423/1423/20 1431/1431/27
f 1419/1419/16 1421/1421/18 1431/1431/27 1430/1430/26
f 1417/1417/14 1419/1419/16 1430/1430/26 1429/1429/25
f 1415/1415/12 1417/1417/14 1429/1429/25 1428/1428/24
f 1413/1413/10 1415/1415/12 1428/1428/24 1427/1427/23
f 1411/1411/8 1413/1413/10 1427/1427/23 1426/1426/22
f 1432/1432/1 1433/1433/2 1435/1435/3 1434/1434/4
f 1434/1434/4 1435/1435/3 1437/1437/5 1436/1436/6
f 1436/1436/6 1437/1437/5 1439/1439/7 1438/1438/8
f 1438/1438/8 1439/1439/7 1441/1441/9 1440/1440/10
f 1440/1440/10 1441/1441/9 1443/1443/11 1442/1442/12
f 1442/1442/12 1443/1443/11 1445/1445/13 1444/1444/14
f 1444/1444/14 1445/1445/13 1447/1447/15 1446/1446/16
f 1435/1435/3 1433/1433/2 1449/1449/17 1447/1447/15 1445/1445/13 1443/1443/11 1441/1441/9 1439/1439/7 1437/1437/5
f 1446/1446/16 1447/1447/15 1449/1449/17 1448/1448/18
f 1448/1448/18 1449/1449/17 1433/1433/2 1432/1432/1
f 1432/1432/1 1434/1434/4 1451/1451/19 1450/1450/20
f 1450/1450/20 1451/1451/19 1452/1452/21 1453/1453/22 1454/1454/23 1455/1455/24 1456/1456/25 1457/1457/26 1458/1458/27
f 1436/1436/6 1438/1438/8 1453/1453/22 1452/1452/21
f 1434/1434/4 1436/1436/6 1452/1452/21 1451/1451/19
f 1448/1448/18 1432/1432/1 1450/1450/20 1458/1458/27
f 1446/1446/16 1448/1448/18 1458/1458/27 1457/1457/26
f 1444/1444/14 1446/1446/16 1457/1457/26 1456/1456/25
f 1442/1442/12 1444/1444/14 1456/1456/25 1455/1455/24
f 1440/1440/10 1442/1442/12 1455/1455/24 1454/1454/23
f 1438/1438/8 1440/1440/10 1454/1454/23 1453/1453/22
f 1459/1459/1 1460/1460/2 1462/1462/28 1461/1461/4
f 1461/1461/4 1462/1462/28 1464/1464/5 1463/1463/6
f 1463/1463/6 1464/1464/5 1466/1466/7 1465/1465/8
f 1465/1465/8 1466/1466/7 1468/1468/9 1467/1467/10
f 1467/1467/10 1468/1468/9 1470/1470/11 1469/1469/12
f 1469/1469/12 1470/1470/11 1472/1472/13 1471/1471/14
f 1471/1471/14 1472/1472/13 1474/1474/15 1473/1473/16
f 1462/1462/28 1460/1460/2 1476/1476/29 1474/1474/15 1472/1472/13 1470/1470/11 1468/1468/9 1466/1466/7 1464/1464/5
f 1473/1473/16 1474/1474/15 1476/1476/29 1475/1475/18
f 1475/1475/18 1476/1476/29 1460/1460/2 1459/1459/1
f 1459/1459/1 1461/1461/4 1478/1478/19 1477/1477/20
f 1477/1477/20 1478/1478/19 1479/1479/21 1480/1480/22 1481/1481/23 1482/1482/24 1483/1483/25 1484/1484/26 1485/1485/27
f 1463/1463/6 1465/1465/8 1480/1480/22 1479/1479/21
f 1461/1461/4 1463/1463/6 1479/1479/21 1478/1478/19
f 1475/1475/18 1459/1459/1 1477/1477/20 1485/1485/27
f 1473/1473/16 1475/1475/18 1485/1485/27 1484/1484/26
f 1471/1471/14 1473/1473/16 1484/1484/26 1483/1483/25
f 1469/1469/12 1471/1471/14 1483/1483/25 1482/1482/24
f 1467/1467/10 1469/1469/12 1482/1482/24 1481/1481/23
f 1465/1465/8 1467/1467/10 1481/1481/23 1480/1480/22
f 1486/1486/1 1487/1487/2 1489/1489/3 1488/1488/4
f 1488/1488/4 1489/1489/3 1491/1491/5 1490/1490/6
f 1490/1490/6 1491/1491/5 1493/1493/7 1492/1492/8
f 1492/1492/8 1493/1493/7 1495/1495/9 1494/1494/10
f 1494/1494/10 1495/1495/9 1497/1497/11 1496/1496/12
f 1496/1496/12 1497/1497/11 1499/1499/13 1498/1498/14
f 1498/1498/14 1499/1499/13 1501/1501/15 1500/1500/16
f 1489/1489/3 1487/1487/2 1503/1503/17 1501/1501/15 1499/1499/13 1497/1497/11 1495/1495/9 1493/1493/7 1491/1491/5
f 1500/1500/16 1501/1501/15 1503/1503/17 1502/1502/18
f 1502/1502/18 1503/1503/17 1487/1487/2 1486/1486/1
f 1486/1486/1 1488/1488/4 1505/1505/19 1504/1504/20
f 1504/1504/20 1505/1505/19 1506/1506/21 1507/1507/22 1508/1508/23 1509/1509/24 1510/1510/25 1511/1511/26 1512/1512/27
f 1490/1490/6 1492/1492/8 1507/1507/22 1506/1506/21
f 1488/1488/4 1490/1490/6 1506/1506/21 1505/1505/19
f 1502/1502/18 1486/1486/1 1504/1504/20 1512/1512/27
f 1500/1500/16 1502/1502/18 1512/1512/27 1511/1511/26
f 1498/1498/14 1500/1500/16 1511/1511/26 1510/1510/25
f 1496/1496/12 1498/1498/14 1510/1510/25 1509/1509/24
f 1494/1494/10 1496/1496/12 1509/1509/24 1508/1508/23
f 1492/1492/8 1494/1494/10 1508/1508/23 1507/1507/22
f 1513/1513/1 1514/1514/2 1516/1516/3 1515/1515/4
f 1515/1515/4 1516/1516/3 1518/1518/5 1517/1517/6
f 1517/1517/6 1518/1518/5 1520/1520/7 1519/1519/8
f 1519/1519/8 1520/1520/7 1522/1522/9 1521/1521/10
f 1521/1521/10 1522/1522/9 1524/1524/11 1523/1523/12
f 1523/1523/12 1524/1524/11 1526/1526/13 1525/1525/14
f 1525/1525/14 1526/1526/13 1528/1528/15 1527/1527/16
f 1516/1516/3 1514/1514/2 1530/1530/17 1528/1528/15 1526/1526/13 1524/1524/11 1522/1522/9 1520/1520/7 1518/1518/5
f 1527/1527/16 1528/1528/15 1530/1530/17 1529/1529/18
f 1529/1529/18 1530/1530/17 1514/1514/2 1513/1513/1
f 1513/1513/1 1515/1515/4 1532/1532/19 1531/1531/20
f 1531/1531/20 1532/1532/19 1533/1533/21 1534/1534/22 1535/1535/23 1536/1536/24 1537/1537/25 1538/1538/26 1539/1539/27
f 1517/1517/6 1519/1519/8 1534/1534/22 1533/1533/21
f 1515/1515/4 1517/1517/6 1533/1533/21 1532/1532/19
f 1529/1529/18 1513/1513/1 1531/1531/20 1539/1539/27
f 1527/1527/16 1529/1529/18 1539/1539/27 1538/1538/26
f 1525/1525/14 1527/1527/16 1538/1538/26 1537/1537/25
f 1523/1523/12 1525/1525/14 1537/1537/25 1536/1536/24
f 1521/1521/10 1523/1523/12 1536/1536/24 1535/1535/23
f 1519/1519/8 1521/1521/10 1535/1535/23 1534/1534/22
f 1540/1540/1 1541/1541/2 1543/1543/3 1542/1542/4
f 1542/1542/4 1543/1543/3 1545/1545/5 1544/1544/6
f 1544/1544/6 1545/1545/5 1547/1547/7 1546/1546/8
f 1546/1546/8 1547/1547/7 1549/1549/9 1548/1548/10
f 1548/1548/10 1549/1549/9 1551/1551/11 1550/1550/12
f 1550/1550/12 1551/1551/11 1553/1553/13 1552/1552/14
f 1552/1552/14 1553/1553/13 1555/1555/15 1554/1554/16
f 1543/1543/3 1541/1541/2 1557/1557/17 1555/1555/15 1553/1553/13 1551/1551/11 1549/1549/9 1547/1547/7 1545/1545/5
f 1554/1554/16 1555/1555/15 1557/1557/17 1556/1556/18
f 1556/1556/18 1557/1557/17 1541/1541/2 1540/1540/1
f 1540/1540/1 1542/1542/4 1559/1559/19 1558/1558/20
f 1558/1558/20 1559/1559/19 1560/1560/21 1561/1561/22 1562/1562/23 1563/1563/24 1564/1564/25 1565/1565/26 1566/1566/27
f 1544/1544/6 1546/1546/8 1561/1561/22 1560/1560/21
f 1542/1542/4 1544/1544/6 1560/1560/21 1559/1559/19
f 1556/1556/18 1540/1540/1 1558/1558/20 1566/1566/27
f 1554/1554/16 1556/1556/18 1566/1566/27 1565/1565/26
f 1552/1552/14 1554/1554/16 1565/1565/26 1564/1564/25
f 1550/1550/12 1552/1552/14 1564/1564/25 1563/1563/24
f 1548/1548/10 1550/1550/12 1563/1563/24 1562/1562/23
f 1546/1546/8 1548/1548/10 1562/1562/23 1561/1561/22
f 1567/1567/1 1568/1568/2 1570/1570/28 1569/1569/4
f 1569/1569/4 1570/1570/28 1572/1572/5 1571/1571/6
f 1571/1571/6 1572/1572/5 1574/1574/7 1573/1573/8
f 1573/1573/8 1574/1574/7 1576/1576/9 1575/1575/10
f 1575/1575/10 1576/1576/9 1578/1578/11 1577/1577/12
f 1577/1577/12 1578/1578/11 1580/1580/13 1579/1579/14
f 1579/1579/14 1580/1580/13 1582/1582/15 1581/1581/16
f 1570/1570/28 1568/1568/2 1584/1584/29 1582/1582/15 1580/1580/13 1578/1578/11 1576/1576/9 1574/1574/7 1572/1572/5
f 1581/1581/16 1582/1582/15 1584/1584/29 1583/1583/18
f 1583/1583/18 1584/1584/29 1568/1568/2 1567/1567/1
f 1567/1567/1 1569/1569/4 1586/1586/19 1585/1585/20
f 1585/1585/20 1586/1586/19 1587/1587/21 1588/1588/22 1589/1589/23 1590/1590/24 1591/1591/25 1592/1592/26 1593/1593/27
f 1571/1571/6 1573/1573/8 1588/1588/22 1587/1587/21
f 1569/1569/4 1571/1571/6 1587/1587/21 1586/1586/19
f 1583/1583/18 1567/1567/1 1585/1585/20 1593/1593/27
f 1581/1581/16 1583/1583/18 1593/1593/27 1592/1592/26
f 1579/1579/14 1581/1581/16 1592/1592/26 1591/1591/25
f 1577/1577/12 1579/1579/14 1591/1591/25 1590/1590/24
f 1575/1575/10 1577/1577/12 1590/1590/24 1589/1589/23
f 1573/1573/8 1575/1575/10 1589/1589/23 1588/1588/22
f 1594/1594/1 1595/1595/2 1597/1597/3 1596/1596/4
f 1596/1596/4 1597/1597/3 1599/1599/5 1598/1598/6
f 1598/1598/6 1599/1599/5 1601/1601/7 1600/1600/8
f 1600/1600/8 1601/1601/7 1603/1603/9 1602/1602/10
f 1602/1602/10 1603/1603/9 1605/1605/11 1604/1604/12
f 1604/1604/12 1605/1605/11 1607/1607/13 1606/1606/14
f 1606/1606/14 1607/1607/13 1609/1609/15 1608/1608/16
f 1597/1597/3 1595/1595/2 1611/1611/29 1609/1609/15 1607/1607/13 1605/1605/11 1603/1603/9 1601/1601/7 1599/1599/5
f 1608/1608/16 1609/1609/15 1611/1611/29 1610/1610/18
f 1610/1610/18 1611/1611/29 1595/1595/2 1594/1594/1
f 1594/1594/1 1596/1596/4 1613/1613/19 1612/1612/20
f 1612/1612/20 1613/1613/19 1614/1614/21 1615/1615/22 1616/1616/23 1617/1617/24 1618/1618/25 1619/1619/26 1620/1620/27
f 1598/1598/6 1600/1600/8 1615/1615/22 1614/1614/21
f 1596/1596/4 1598/1598/6 1614/1614/21 1613/1613/19
f 1610/1610/18 1594/1594/1 1612/1612/20 1620/1620/27
f 1608/1608/16 1610/1610/18 1620/1620/27 1619/1619/26
f 1606/1606/14 1608/1608/16 1619/1619/26 1618/1618/25
f 1604/1604/12 1606/1606/14 1618/1618/25 1617/1617/24
f 1602/1602/10 1604/1604/12 1617/1617/24 1616/1616/23
f 1600/1600/8 1602/1602/10 1616/1616/23 1615/1615/22
f 1621/1621/1 1622/1622/2 1624/1624/3 1623/1623/4
f 1623/1623/4 1624/1624/3 1626/1626/5 1625/1625/6
f 1625/1625/6 1626/1626/5 1628/1628/7 1627/1627/8
f 1627/1627/8 1628/1628/7 1630/1630/9 1629/1629/10
f 1629/1629/10 1630/1630/9 1632/1632/11 1631/1631/12
f 1631/1631/12 1632/1632/11 1634/1634/13 1633/1633/14
f 1633/1633/14 1634/1634/13 1636/1636/15 1635/1635/16
f 1624/1624/3 1622/1622/2 1638/1638/17 1636/1636/15 1634/1634/13 1632/1632/11 1630/1630/9 1628/1628/7 1626/1626/5
f 1635/1635/16 1636/1636/15 1638/1638/17 1637/1637/18
f 1637/1637/18 1638/1638/17 1622/1622/2 1621/1621/1
f 1621/1621/1 1623/1623/4 1640/1640/19 1639/1639/20
f 1639/1639/20 1640/1640/19 1641/1641/21 1642/1642/22 1643/1643/23 1644/1644/24 1645/1645/25 1646/1646/26 1647/1647/27
f 1625/1625/6 1627/1627/8 1642/1642/22 1641/1641/21
f 1623/1623/4 1625/1625/6 1641/1641/21 1640/1640/19
f 1637/1637/18 1621/1621/1 1639/1639/20 1647/1647/27
f 1635/1635/16 1637/1637/18 1647/1647/27 1646/1646/26
f 1633/1633/14 1635/1635/16 1646/1646/26 1645/1645/25
f 1631/1631/12 1633/1633/14 1645/1645/25 1644/1644/24
f 1629/1629/10 1631/1631/12 1644/1644/24 1643/1643/23
f 1627/1627/8 1629/1629/10 1643/1643/23 1642/1642/22
f 1648/1648/1 1649/1649/2 1651/1651/3 1650/1650/4
f 1650/1650/4 1651/1651/3 1653/1653/5 1652/1652/6
f 1652/1652/6 1653/1653/5 1655/1655/7 1654/1654/8
f 1654/1654/8 1655/1655/7 1657/1657/9 1656/1656/10
f 1656/1656/10 1657/1657/9 1659/1659/11 1658/1658/12
f 1658/1658/12 1659/1659/11 1661/1661/13 1660/1660/14
f 1660/1660/14 1661/1661/13 1663/1663/15 1662/1662/16
f 1651/1651/3 1649/1649/2 1665/1665/17 1663/1663/15 1661/1661/13 1659/1659/11 1657/1657/9 1655/1655/7 1653/1653/5
f 1662/1662/16 1663/1663/15 1665/1665/17 1664/1664/18
f 1664/1664/18 1665/1665/17 1649/1649/2 1648/1648/1
f 1648/1648/1 1650/1650/4 1667/1667/19 1666/1666/20
f 1666/1666/20 1667/1667/19 1668/1668/21 1669/1669/22 1670/1670/23 1671/1671/24 1672/1672/25 1673/1673/26 1674/1674/27
f 1652/1652/6 1654/1654/8 1669/1669/22 1668/1668/21
f 1650/1650/4 1652/1652/6 1668/1668/21 1667/1667/19
f 1664/1664/18 1648/1648/1 1666/1666/20 1674/1674/27
f 1662/1662/16 1664/1664/18 1674/1674/27 1673/1673/26
f 1660/1660/14 1662/1662/16 1673/1673/26 1672/1672/25
f 1658/1658/12 1660/1660/14 1672/1672/25 1671/1671/24
f 1656/1656/10 1658/1658/12 1671/1671/24 1670/1670/23
f 1654/1654/8 1656/1656/10 1670/1670/23 1669/1669/22
f 1675/1675/1 1676/1676/2 1678/1678/3 1677/1677/4
f 1677/1677/4 1678/1678/3 1680/1680/5 1679/1679/6
f 1679/1679/6 1680/1680/5 1682/1682/7 1681/1681/8
f 1681/1681/8 1682/1682/7 1684/1684/9 1683/1683/10
f 1683/1683/10 1684/1684/9 1686/1686/11 1685/1685/12
f 1685/1685/12 1686/1686/11 1688/1688/13 1687/1687/14
f 1687/1687/14 1688/1688/13 1690/1690/15 1689/1689/16
f 1678/1678/3 1676/1676/2 1692/1692/29 1690/1690/15 1688/1688/13 1686/1686/11 1684/1684/9 1682/1682/7 1680/1680/5
f 1689/1689/16 1690/1690/15 1692/1692/29 1691/1691/18
f 1691/1691/18 1692/1692/29 1676/1676/2 1675/1675/1
f 1675/1675/1 1677/1677/4 1694/1694/19 1693/1693/20
f 1693/1693/20 1694/1694/19 1695/1695/21 1696/1696/22 1697/1697/23 1698/1698/24 1699/1699/25 1700/1700/26 1701/1701/27
f 1679/1679/6 1681/1681/8 1696/1696/22 1695/1695/21
f 1677/1677/4 1679/1679/6 1695/1695/21 1694/1694/19
f 1691/1691/18 1675/1675/1 1693/1693/20 1701/1701/27
f 1689/1689/16 1691/1691/18 1701/1701/27 1700/1700/26
f 1687/1687/14 1689/1689/16 1700/1700/26 1699/1699/25
f 1685/1685/12 1687/1687/14 1699/1699/25 1698/1698/24
f 1683/1683/10 1685/1685/12 1698/1698/24 1697/1697/23
f 1681/1681/8 1683/1683/10 1697/1697/23 1696/1696/22
f 1702/1702/1 1703/1703/2 1705/1705/3 1704/1704/4
f 1704/1704/4 1705/1705/3 1707/1707/5 1706/1706/6
f 1706/1706/6 1707/1707/5 1709/1709/7 1708/1708/8
f 1708/1708/8 1709/1709/7 1711/1711/9 1710/1710/10
f 1710/1710/10 1711/1711/9 1713/1713/11 1712/1712/12
f 1712/1712/12 1713/1713/11 1715/1715/13 1714/1714/14
f 1714/1714/14 1715/1715/13 1717/1717/15 1716/1716/16
f 1705/1705/3 1703/1703/2 1719/1719/29 1717/1717/15 1715/1715/13 1713/1713/11 1711/1711/9 1709/1709/7 1707/1707/5
f 1716/1716/16 1717/1717/15 1719/1719/29 1718/1718/18
f 1718/1718/18 1719/1719/29 1703/1703/2 1702/1702/1
f 1702/1702/1 1704/1704/4 1721/1721/19 1720/1720/20
f 1720/1720/20 1721/1721/19 1722/1722/21 1723/1723/22 1724/1724/23 1725/1725/24 1726/1726/25 1727/1727/26 1728/1728/27
f 1706/1706/6 1708/1708/8 1723/1723/22 1722/1722/21
f 1704/1704/4 1706/1706/6 1722/1722/21 1721/1721/19
f 1718/1718/18 1702/1702/1 1720/1720/20 1728/1728/27
f 1716/1716/16 1718/1718/18 1728/1728/27 1727/1727/26
f 1714/1714/14 1716/1716/16 1727/1727/26 1726/1726/25
f 1712/1712/12 1714/1714/14 1726/1726/25 1725/1725/24
f 1710/1710/10 1712/1712/12 1725/1725/24 1724/1724/23
f 1708/1708/8 1710/1710/10 1724/1724/23 1723/1723/22
f 1729/1729/1 1730/1730/2 1732/1732/3 1731/1731/4
f 1731/1731/4 1732/1732/3 1734/1734/5 1733/1733/6
f 1733/1733/6 1734/1734/5 1736/1736/7 1735/1735/8
f 1735/1735/8 1736/1736/7 1738/1738/9 1737/1737/10
f 1737/1737/10 1738/1738/9 1740/1740/11 1739/1739/12
f 1739/1739/12 1740/1740/11 1742/1742/13 1741/1741/14
f 1741/1741/14 1742/1742/13 1744/1744/15 1743/1743/16
f 1732/1732/3 1730/1730/2 1746/1746/17 1744/1744/15 1742/1742/13 1740/1740/11 1738/1738/9 1736/1736/7 1734/1734/5
f 1743/1743/16 1744/1744/15 1746/1746/17 1745/1745/18
f 1745/1745/18 1746/1746/17 1730/1730/2 1729/1729/1
f 1729/1729/1 1731/1731/4 1748/1748/19 1747/1747/20
f 1747/1747/20 1748/1748/19 1749/1749/21 1750/1750/22 1751/1751/23 1752/1752/24 1753/1753/25 1754/1754/26 1755/1755/27
f 1733/1733/6 1735/1735/8 1750/1750/22 1749/1749/21
f 1731/1731/4 1733/1733/6 1749/1749/21 1748/1748/19
f 1745/1745/18 1729/1729/1 1747/1747/20 1755/1755/27
f 1743/1743/16 1745/1745/18 1755/1755/27 1754/1754/26
f 1741/1741/14 1743/1743/16 1754/1754/26 1753/1753/25
f 1739/1739/12 1741/1741/14 1753/1753/25 1752/1752/24
f 1737/1737/10 1739/1739/12 1752/1752/24 1751/1751/23
f 1735/1735/8 1737/1737/10 1751/1751/23 1750/1750/22
f 1756/1756/1 1757/1757/2 1759/1759/3 1758/1758/4
f 1758/1758/4 1759/1759/3 1761/1761/5 1760/1760/6
f 1760/1760/6 1761/1761/5 1763/1763/7 1762/1762/8
f 1762/1762/8 1763/1763/7 1765/1765/9 1764/1764/10
f 1764/1764/10 1765/1765/9 1767/1767/11 1766/1766/12
f 1766/1766/12 1767/1767/11 1769/1769/13 1768/1768/14
f 1768/1768/14 1769/1769/13 1771/1771/15 1770/1770/16
f 1759/1759/3 1757/1757/2 1773/1773/17 1771/1771/15 1769/1769/13 1767/1767/11 1765/1765/9 1763/1763/7 1761/1761/5
f 1770/1770/16 1771/1771/15 1773/1773/17 1772/1772/18
f 1772/1772/18 1773/1773/17 1757/1757/2 1756/1756/1
f 1756/1756/1 1758/1758/4 1775/1775/19 1774/1774/20
f 1774/1774/20 1775/1775/19 1776/1776/21 1777/1777/22 1778/1778/23 1779/1779/24 1780/1780/25 1781/1781/26 1782/1782/27
f 1760/1760/6 1762/1762/8 1777/1777/22 1776/1776/21
f 1758/1758/4 1760/1760/6 1776/1776/21 1775/1775/19
f 1772/1772/18 1756/1756/1 1774/1774/20 1782/1782/27
f 1770/1770/16 1772/1772/18 1782/1782/27 1781/1781/26
f 1768/1768/14 1770/1770/16 1781/1781/26 1780/1780/25
f 1766/1766/12 1768/1768/14 1780/1780/25 1779/1779/24
f 1764/1764/10 1766/1766/12 1779/1779/24 1778/1778/23
f 1762/1762/8 1764/1764/10 1778/1778/23 1777/1777/22
f 1783/1783/1 1784/1784/2 1786/1786/3 1785/1785/4
f 1785/1785/4 1786/1786/3 1788/1788/5 1787/1787/6
f 1787/1787/6 1788/1788/5 1790/1790/7 1789/1789/8
f 1789/1789/8 1790/1790/7 1792/1792/9 1791/1791/10
f 1791/1791/10 1792/1792/9 1794/1794/11 1793/1793/12
f 1793/1793/12 1794/1794/11 1796/1796/13 1795/1795/14
f 1795/1795/14 1796/1796/13 1798/1798/15 1797/1797/16
f 1786/1786/3 1784/1784/2 1800/1800/29 1798/1798/15 1796/1796/13 1794/1794/11 1792/1792/9 1790/1790/7 1788/1788/5
f 1797/1797/16 1798/1798/15 1800/1800/29 1799/1799/18
f 1799/1799/18 1800/1800/29 1784/1784/2 1783/1783/1
f 1783/1783/1 1785/1785/4 1802/1802/19 1801/1801/20
f 1801/1801/20 1802/1802/19 1803/1803/21 1804/1804/22 1805/1805/23 1806/1806/24 1807/1807/25 1808/1808/26 1809/1809/27
f 1787/1787/6 1789/1789/8 1804/1804/22 1803/1803/21
f 1785/1785/4 1787/1787/6 1803/1803/21 1802/1802/19
f 1799/1799/18 1783/1783/1 1801/1801/20 1809/1809/27
f 1797/1797/16 1799/1799/18 1809/1809/27 1808/1808/26
f 1795/1795/14 1797/1797/16 1808/1808/26 1807/1807/25
f 1793/1793/12 1795/1795/14 1807/1807/25 1806/1806/24
f 1791/1791/10 1793/1793/12 1806/1806/24 1805/1805/23
f 1789/1789/8 1791/1791/10 1805/1805/23 1804/1804/22
f 1810/1810/1 1811/1811/2 1813/1813/3 1812/1812/4
f 1812/1812/4 1813/1813/3 1815/1815/5 1814/1814/6
f 1814/1814/6 1815/1815/5 1817/1817/7 1816/1816/8
f 1816/1816/8 1817/1817/7 1819/1819/9 1818/1818/10
f 1818/1818/10 1819/1819/9 1821/1821/11 1820/1820/12
f 1820/1820/12 1821/1821/11 1823/1823/13 1822/1822/14
f 1822/1822/14 1823/1823/13 1825/1825/15 1824/1824/16
f 1813/1813/3 1811/1811/2 1827/1827/29 1825/1825/15 1823/1823/13 1821/1821/11 1819/1819/9 1817/1817/7 1815/1815/5
f 1824/1824/16 1825/1825/15 1827/1827/29 1826/1826/18
f 1826/1826/18 1827/1827/29 1811/1811/2 1810/1810/1
f 1810/1810/1 1812/1812/4 1829/1829/19 1828/1828/20
f 1828/1828/20 1829/1829/19 1830/1830/21 1831/1831/22 1832/1832/23 1833/1833/24 1834/1834/25 1835/1835/26 1836/1836/27
f 1814/1814/6 1816/1816/8 1831/1831/22 1830/1830/21
f 1812/1812/4 1814/1814/6 1830/1830/21 1829/1829/19
f 1826/1826/18 1810/1810/1 1828/1828/20 1836/1836/27
f 1824/1824/16 1826/1826/18 1836/1836/27 1835/1835/26
f 1822/1822/14 1824/1824/16 1835/1835/26 1834/1834/25
f 1820/1820/12 1822/1822/14 1834/1834/25 1833/1833/24
f 1818/1818/10 1820/1820/12 1833/1833/24 1832/1832/23
f 1816/1816/8 1818/1818/10 1832/1832/23 1831/1831/22
f 1837/1837/1 1838/1838/2 1840/1840/3 1839/1839/4
f 1839/1839/4 1840/1840/3 1842/1842/5 1841/1841/6
f 1841/1841/6 1842/1842/5 1844/1844/7 1843/1843/8
f 1843/1843/8 1844/1844/7 1846/1846/9 1845/1845/10
f 1845/1845/10 1846/1846/9 1848/1848/11 1847/1847/12
f 1847/1847/12 1848/1848/11 1850/1850/13 1849/1849/14
f 1849/1849/14 1850/1850/13 1852/1852/15 1851/1851/16
f 1840/1840/3 1838/1838/2 1854/1854/17 1852/1852/15 1850/1850/13 1848/1848/11 1846/1846/9 1844/1844/7 1842/1842/5
f 1851/1851/16 1852/1852/15 1854/1854/17 1853/1853/18
f 1853/1853/18 1854/1854/17 1838/1838/2 1837/1837/1
f 1837/1837/1 1839/1839/4 1856/1856/19 1855/1855/20
f 1855/1855/20 1856/1856/19 1857/1857/21 1858/1858/22 1859/1859/23 1860/1860/24 1861/1861/25 1862/1862/26 1863/1863/27
f 1841/1841/6 1843/1843/8 1858/1858/22 1857/1857/21
f 1839/1839/4 1841/1841/6 1857/1857/21 1856/1856/19
f 1853/1853/18 1837/1837/1 1855/1855/20 1863/1863/27
f 1851/1851/16 1853/1853/18 1863/1863/27 1862/1862/26
f 1849/1849/14 1851/1851/16 1862/1862/26 1861/1861/25
f 1847/1847/12 1849/1849/14 1861/1861/25 1860/1860/24
f 1845/1845/10 1847/1847/12 1860/1860/24 1859/1859/23
f 1843/1843/8 1845/1845/10 1859/1859/23 1858/1858/22
f 1864/1864/1 1865/1865/2 1867/1867/3 1866/1866/4
f 1866/1866/4 1867/1867/3 1869/1869/5 1868/1868/6
f 1868/1868/6 1869/1869/5 1871/1871/7 1870/1870/8
f 1870/1870/8 1871/1871/7 1873/1873/9 1872/1872/10
f 1872/1872/10 1873/1873/9 1875/1875/11 1874/1874/12
f 1874/1874/12 1875/1875/11 1877/1877/13 1876/1876/14
f 1876/1876/14 1877/1877/13 1879/1879/15 1878/1878/16
f 1867/1867/3 1865/1865/2 1881/1881/17 1879/1879/15 1877/1877/13 1875/1875/11 1873/1873/9 1871/1871/7 1869/1869/5
f 1878/1878/16 1879/1879/15 1881/1881/17 1880/1880/18
f 1880/1880/18 1881/1881/17 1865/1865/2 1864/1864/1
f 1864/1864/1 1866/1866/4 1883/1883/19 1882/1882/20
f 1882/1882/20 1883/1883/19 1884/1884/21 1885/1885/22 1886/1886/23 1887/1887/24 1888/1888/25 1889/1889/26 1890/1890/27
f 1868/1868/6 1870/1870/8 1885/1885/22 1884/1884/21
f 1866/1866/4 1868/1868/6 1884/1884/21 1883/1883/19
f 1880/1880/18 1864/1864/1 1882/1882/20 1890/1890/27
f 1878/1878/16 1880/1880/18 1890/1890/27 1889/1889/26
f 1876/1876/14 1878/1878/16 1889/1889/26 1888/1888/25
f 1874/1874/12 1876/1876/14 1888/1888/25 1887/1887/24
f 1872/1872/10 1874/1874/12 1887/1887/24 1886/1886/23
f 1870/1870/8 1872/1872/10 1886/1886/23 1885/1885/22
f 1891/1891/1 1892/1892/2 1894/1894/28 1893/1893/4
f 1893/1893/4 1894/1894/28 1896/1896/5 1895/1895/6
f 1895/1895/6 1896/1896/5 1898/1898/7 1897/1897/8
f 1897/1897/8 1898/1898/7 1900/1900/9 1899/1899/10
f 1899/1899/10 1900/1900/9 1902/1902/11 1901/1901/12
f 1901/1901/12 1902/1902/11 1904/1904/13 1903/1903/14
f 1903/1903/14 1904/1904/13 1906/1906/15 1905/1905/16
f 1894/1894/28 1892/1892/2 1908/1908/29 1906/1906/15 1904/1904/13 1902/1902/11 1900/1900/9 1898/1898/7 1896/1896/5
f 1905/1905/16 1906/1906/15 1908/1908/29 1907/1907/18
f 1907/1907/18 1908/1908/29 1892/1892/2 1891/1891/1
f 1891/1891/1 1893/1893/4 1910/1910/19 1909/1909/20
f 1909/1909/20 1910/1910/19 1911/1911/21 1912/1912/22 1913/1913/23 1914/1914/24 1915/1915/25 1916/1916/26 1917/1917/27
f 1895/1895/6 1897/1897/8 1912/1912/22 1911/1911/21
f 1893/1893/4 1895/1895/6 1911/1911/21 1910/1910/19
f 1907/1907/18 1891/1891/1 1909/1909/20 1917/1917/27
f 1905/1905/16 1907/1907/18 1917/1917/27 1916/1916/26
f 1903/1903/14 1905/1905/16 1916/1916/26 1915/1915/25
f 1901/1901/12 1903/1903/14 1915/1915/25 1914/1914/24
f 1899/1899/10 1901/1901/12 1914/1914/24 1913/1913/23
f 1897/1897/8 1899/1899/10 1913/1913/23 1912/1912/22
f 1918/1918/1 1919/1919/2 1921/1921/3 1920/1920/4
f 1920/1920/4 1921/1921/3 1923/1923/5 1922/1922/6
f 1922/1922/6 1923/1923/5 1925/1925/7 1924/1924/8
f 1924/1924/8 1925/1925/7 1927/1927/9 1926/1926/10
f 1926/1926/10 1927/1927/9 1929/1929/11 1928/1928/12
f 1928/1928/12 1929/1929/11 1931/1931/13 1930/1930/14
f 1930/1930/14 1931/1931/13 1933/1933/15 1932/1932/16
f 1921/1921/3 1919/1919/2 1935/1935/29 1933/1933/15 1931/1931/13 1929/1929/11 1927/1927/9 1925/1925/7 1923/1923/5
f 1932/1932/16 1933/1933/15 1935/1935/29 1934/1934/18
f 1934/1934/18 1935/1935/29 1919/1919/2 1918/1918/1
f 1918/1918/1 1920/1920/4 1937/1937/19 1936/1936/20
f 1936/1936/20 1937/1937/19 1938/1938/21 1939/1939/22 1940/1940/23 1941/1941/24 1942/1942/25 1943/1943/26 1944/1944/27
f 1922/1922/6 1924/1924/8 1939/1939/22 1938/1938/21
f 1920/1920/4 1922/1922/6 1938/1938/21 1937/1937/19
f 1934/1934/18 1918/1918/1 1936/1936/20 1944/1944/27
f 1932/1932/16 1934/1934/18 1944/1944/27 1943/1943/26
f 1930/1930/14 1932/1932/16 1943/1943/26 1942/1942/25
f 1928/1928/12 1930/1930/14 1942/1942/25 1941/1941/24
f 1926/1926/10 1928/1928/12 1941/1941/24 1940/1940/23
f 1924/1924/8 1926/1926/10 1940/1940/23 1939/1939/22
f 1945/1945/1 1946/1946/2 1948/1948/3 1947/1947/4
f 1947/1947/4 1948/1948/3 1950/1950/5 1949/1949/6
f 1949/1949/6 1950/1950/5 1952/1952/7 1951/1951/8
f 1951/1951/8 1952/1952/7 1954/1954/9 1953/1953/10
f 1953/1953/10 1954/1954/9 1956/1956/11 1955/1955/12
f 1955/1955/12 1956/1956/11 1958/1958/13 1957/1957/14
f 1957/1957/14 1958/1958/13 1960/1960/15 1959/1959/16
f 1948/1948/3 1946/1946/2 1962/1962/17 1960/1960/15 1958/1958/13 1956/1956/11 1954/1954/9 1952/1952/7 1950/1950/5
f 1959/1959/16 1960/1960/15 1962/1962/17 1961/1961/18
f 1961/1961/18 1962/1962/17 1946/1946/2 1945/1945/1
f 1945/1945/1 1947/1947/4 1964/1964/19 1963/1963/20
f 1963/1963/20 1964/1964/19 1965/1965/21 1966/1966/22 1967/1967/23 1968/1968/24 1969/1969/25 1970/1970/26 1971/1971/27
f 1949/1949/6 1951/1951/8 1966/1966/22 1965/1965/21
f 1947/1947/4 1949/1949/6 1965/1965/21 1964/1964/19
f 1961/1961/18 1945/1945/1 1963/1963/20 1971/1971/27
f 1959/1959/16 1961/1961/18 1971/1971/27 1970/1970/26
f 1957/1957/14 1959/1959/16 1970/1970/26 1969/1969/25
f 1955/1955/12 1957/1957/14 1969/1969/25 1968/1968/24
f 1953/1953/10 1955/1955/12 1968/1968/24 1967/1967/23
f 1951/1951/8 1953/1953/10 1967/1967/23 1966/1966/22
f 1972/1972/1 1973/1973/2 1975/1975/3 1974/1974/4
f 1974/1974/4 1975/1975/3 1977/1977/5 1976/1976/6
f 1976/1976/6 1977/1977/5 1979/1979/7 1978/1978/8
f 1978/1978/8 1979/1979/7 1981/1981/9 1980/1980/10
f 1980/1980/10 1981/1981/9 1983/1983/11 1982/1982/12
f 1982/1982/12 1983/1983/11 1985/1985/13 1984/1984/14
f 1984/1984/14 1985/1985/13 1987/1987/15 1986/1986/16
f 1975/1975/3 1973/1973/2 1989/1989/17 1987/1987/15 1985/1985/13 1983/1983/11 1981/1981/9 1979/1979/7 1977/1977/5
f 1986/1986/16 1987/1987/15 1989/1989/17 1988/1988/18
f 1988/1988/18 1989/1989/17 1973/1973/2 1972/1972/1
f 1972/1972/1 1974/1974/4 1991/1991/19 1990/1990/20
f 1990/1990/20 1991/1991/19 1992/1992/21 1993/1993/22 1994/1994/23 1995/1995/24 1996/1996/25 1997/1997/26 1998/1998/27
f 1976/1976/6 1978/1978/8 1993/1993/22 1992/1992/21
f 1974/1974/4 1976/1976/6 1992/1992/21 1991/1991/19
f 1988/1988/18 1972/1972/1 1990/1990/20 1998/1998/27
f 1986/1986/16 1988/1988/18 1998/1998/27 1997/1997/26
f 1984/1984/14 1986/1986/16 1997/1997/26 1996/1996/25
f 1982/1982/12 1984/1984/14 1996/1996/25 1995/1995/24
f 1980/1980/10 1982/1982/12 1995/1995/24 1994/1994/23
f 1978/1978/8 1980/1980/10 1994/1994/23 1993/1993/22
f 1999/1999/1 2000/2000/2 2002/2002/3 2001/2001/4
f 2001/2001/4 2002/2002/3 2004/2004/5 2003/2003/6
f 2003/2003/6 2004/2004/5 2006/2006/7 2005/2005/8
f 2005/2005/8 2006/2006/7 2008/2008/9 2007/2007/10
f 2007/2007/10 2008/2008/9 2010/2010/11 2009/2009/12
f 2009/2009/12 2010/2010/11 2012/2012/13 2011/2011/14
f 2011/2011/14 2012/2012/13 2014/2014/15 2013/2013/16
f 2002/2002/3 2000/2000/2 2016/2016/29 2014/2014/15 2012/2012/13 2010/2010/11 2008/2008/9 2006/2006/7 2004/2004/5
f 2013/2013/16 2014/2014/15 2016/2016/29 2015/2015/18
f 2015/2015/18 2016/2016/29 2000/2000/2 1999/1999/1
f 1999/1999/1 2001/2001/4 2018/2018/19 2017/2017/20
f 2017/2017/20 2018/2018/19 2019/2019/21 2020/2020/22 2021/2021/23 2022/2022/24 2023/2023/25 2024/2024/26 2025/2025/27
f 2003/2003/6 2005/2005/8 2020/2020/22 2019/2019/21
f 2001/2001/4 2003/2003/6 2019/2019/21 2018/2018/19
f 2015/2015/18 1999/1999/1 2017/2017/20 2025/2025/27
f 2013/2013/16 2015/2015/18 2025/2025/27 2024/2024/26
f 2011/2011/14 2013/2013/16 2024/2024/26 2023/2023/25
f 2009/2009/12 2011/2011/14 2023/2023/25 2022/2022/24
f 2007/2007/10 2009/2009/12 2022/2022/24 2021/2021/23
f 2005/2005/8 2007/2007/10 2021/2021/23 2020/2020/22
f 2026/2026/1 2027/2027/2 2029/2029/3 2028/2028/4
f 2028/2028/4 2029/2029/3 2031/2031/5 2030/2030/6
f 2030/2030/6 2031/2031/5 2033/2033/7 2032/2032/8
f 2032/2032/8 2033/2033/7 2035/2035/9 2034/2034/10
f 2034/2034/10 2035/2035/9 2037/2037/11 2036/2036/12
f 2036/2036/12 2037/2037/11 2039/2039/13 2038/2038/14
f 2038/2038/14 2039/2039/13 2041/2041/15 2040/2040/16
f 2029/2029/3 2027/2027/2 2043/2043/29 2041/2041/15 2039/2039/13 2037/2037/11 2035/2035/9 2033/2033/7 2031/2031/5
f 2040/2040/16 2041/2041/15 2043/2043/29 2042/2042/18
f 2042/2042/18 2043/2043/29 2027/2027/2 2026/2026/1
f 2026/2026/1 2028/2028/4 2045/2045/19 2044/2044/20
f 2044/2044/20 2045/2045/19 2046/2046/21 2047/2047/22 2048/2048/23 2049/2049/24 2050/2050/25 2051/2051/26 2052/2052/27
f 2030/2030/6 2032/2032/8 2047/2047/22 2046/2046/21
f 2028/2028/4 2030/2030/6 2046/2046/21 2045/2045/19
f 2042/2042/18 2026/2026/1 2044/2044/20 2052/2052/27
f 2040/2040/16 2042/2042/18 2052/2052/27 2051/2051/26
f 2038/2038/14 2040/2040/16 2051/2051/26 2050/2050/25
f 2036/2036/12 2038/2038/14 2050/2050/25 2049/2049/24
f 2034/2034/10 2036/2036/12 2049/2049/24 2048/2048/23
f 2032/2032/8 2034/2034/10 2048/2048/23 2047/2047/22
f 2053/2053/1 2054/2054/2 2056/2056/3 2055/2055/4
f 2055/2055/4 2056/2056/3 2058/2058/5 2057/2057/6
f 2057/2057/6 2058/2058/5 2060/2060/7 2059/2059/8
f 2059/2059/8 2060/2060/7 2062/2062/9 2061/2061/10
f 2061/2061/10 2062/2062/9 2064/2064/11 2063/2063/12
f 2063/2063/12 2064/2064/11 2066/2066/13 2065/2065/14
f 2065/2065/14 2066/2066/13 2068/2068/15 2067/2067/16
f 2056/2056/3 2054/2054/2 2070/2070/17 2068/2068/15 2066/2066/13 2064/2064/11 2062/2062/9 2060/2060/7 2058/2058/5
f 2067/2067/16 2068/2068/15 2070/2070/17 2069/2069/18
f 2069/2069/18 2070/2070/17 2054/2054/2 2053/2053/1
f 2053/2053/1 2055/2055/4 2072/2072/19 2071/2071/20
f 2071/2071/20 2072/2072/19 2073/2073/21 2074/2074/22 2075/2075/23 2076/2076/24 2077/2077/25 2078/2078/26 2079/2079/27
f 2057/2057/6 2059/2059/8 2074/2074/22 2073/2073/21
f 2055/2055/4 2057/2057/6 2073/2073/21 2072/2072/19
f 2069/2069/18 2053/2053/1 2071/2071/20 2079/2079/27
f 2067/2067/16 2069/2069/18 2079/2079/27 2078/2078/26
f 2065/2065/14 2067/2067/16 2078/2078/26 2077/2077/25
f 2063/2063/12 2065/2065/14 2077/2077/25 2076/2076/24
f 2061/2061/10 2063/2063/12 2076/2076/24 2075/2075/23
f 2059/2059/8 2061/2061/10 2075/2075/23 2074/2074/22
f 2080/2080/1 2081/2081/2 2083/2083/3 2082/2082/4
f 2082/2082/4 2083/2083/3 2085/2085/5 2084/2084/6
f 2084/2084/6 2085/2085/5 2087/2087/7 2086/2086/8
f 2086/2086/8 2087/2087/7 2089/2089/9 2088/2088/10
f 2088/2088/10 2089/2089/9 2091/2091/11 2090/2090/12
f 2090/2090/12 2091/2091/11 2093/2093/13 2092/2092/14
f 2092/2092/14 2093/2093/13 2095/2095/15 2094/2094/16
f 2083/2083/3 2081/2081/2 2097/2097/17 2095/2095/15 2093/2093/13 2091/2091/11 2089/2089/9 2087/2087/7 2085/2085/5
f 2094/2094/16 2095/2095/15 2097/2097/17 2096/2096/18
f 2096/2096/18 2097/2097/17 2081/2081/2 2080/2080/1
f 2080/2080/1 2082/2082/4 2099/2099/19 2098/2098/20
f 2098/2098/20 2099/2099/19 2100/2100/21 2101/2101/22 2102/2102/23 2103/2103/24 2104/2104/25 2105/2105/26 2106/2106/27
f 2084/2084/6 2086/2086/8 2101/2101/22 2100/2100/21
f 2082/2082/4 2084/2084/6 2100/2100/21 2099/2099/19
f 2096/2096/18 2080/2080/1 2098/2098/20 2106/2106/27
f 2094/2094/16 2096/2096/18 2106/2106/27 2105/2105/26
f 2092/2092/14 2094/2094/16 2105/2105/26 2104/2104/25
f 2090/2090/12 2092/2092/14 2104/2104/25 2103/2103/24
f 2088/2088/10 2090/2090/12 2103/2103/24 2102/2102/23
f 2086/2086/8 2088/2088/10 2102/2102/23 2101/2101/22
f 2107/2107/1 2108/2108/2 2110/2110/28 2109/2109/4
f 2109/2109/4 2110/2110/28 2112/2112/5 2111/2111/6
f 2111/2111/6 2112/2112/5 2114/2114/7 2113/2113/8
f 2113/2113/8 2114/2114/7 2116/2116/9 2115/2115/10
f 2115/2115/10 2116/2116/9 2118/2118/11 2117/2117/12
f 2117/2117/12 2118/2118/11 2120/2120/13 2119/2119/14
f 2119/2119/14 2120/2120/13 2122/2122/15 2121/2121/16
f 2110/2110/28 2108/2108/2 2124/2124/29 2122/2122/15 2120/2120/13 2118/2118/11 2116/2116/9 2114/2114/7 2112/2112/5
f 2121/2121/16 2122/2122/15 2124/2124/29 2123/2123/18
f 2123/2123/18 2124/2124/29 2108/2108/2 2107/2107/1
f 2107/2107/1 2109/2109/4 2126/2126/19 2125/2125/20
f 2125/2125/20 2126/2126/19 2127/2127/21 2128/2128/22 2129/2129/23 2130/2130/24 2131/2131/25 2132/2132/26 2133/2133/27
f 2111/2111/6 2113/2113/8 2128/2128/22 2127/2127/21
f 2109/2109/4 2111/2111/6 2127/2127/21 2126/2126/19
f 2123/2123/18 2107/2107/1 2125/2125/20 2133/2133/27
f 2121/2121/16 2123/2123/18 2133/2133/27 2132/2132/26
f 2119/2119/14 2121/2121/16 2132/2132/26 2131/2131/25
f 2117/2117/12 2119/2119/14 2131/2131/25 2130/2130/24
f 2115/2115/10 2117/2117/12 2130/2130/24 2129/2129/23
f 2113/2113/8 2115/2115/10 2129/2129/23 2128/2128/22
f 2134/2134/1 2135/2135/2 2137/2137/28 2136/2136/4
f 2136/2136/4 2137/2137/28 2139/2139/5 2138/2138/6
f 2138/2138/6 2139/2139/5 2141/2141/7 2140/2140/8
f 2140/2140/8 2141/2141/7 2143/2143/9 2142/2142/10
f 2142/2142/10 2143/2143/9 2145/2145/11 2144/2144/12
f 2144/2144/12 2145/2145/11 2147/2147/13 2146/2146/14
f 2146/2146/14 2147/2147/13 2149/2149/15 2148/2148/16
f 2137/2137/28 2135/2135/2 2151/2151/17 2149/2149/15 2147/2147/13 2145/2145/11 2143/2143/9 2141/2141/7 2139/2139/5
f 2148/2148/16 2149/2149/15 2151/2151/17 2150/2150/18
f 2150/2150/18 2151/2151/17 2135/2135/2 2134/2134/1
f 2134/2134/1 2136/2136/4 2153/2153/19 2152/2152/20
f 2152/2152/20 2153/2153/19 2154/2154/21 2155/2155/22 2156/2156/23 2157/2157/24 2158/2158/25 2159/2159/26 2160/2160/27
f 2138/2138/6 2140/2140/8 2155/2155/22 2154/2154/21
f 2136/2136/4 2138/2138/6 2154/2154/21 2153/2153/19
f 2150/2150/18 2134/2134/1 2152/2152/20 2160/2160/27
f 2148/2148/16 2150/2150/18 2160/2160/27 2159/2159/26
f 2146/2146/14 2148/2148/16 2159/2159/26 2158/2158/25
f 2144/2144/12 2146/2146/14 2158/2158/25 2157/2157/24
f 2142/2142/10 2144/2144/12 2157/2157/24 2156/2156/23
f 2140/2140/8 2142/2142/10 2156/2156/23 2155/2155/22
f 2161/2161/1 2162/2162/2 2164/2164/3 2163/2163/4
f 2163/2163/4 2164/2164/3 2166/2166/5 2165/2165/6
f 2165/2165/6 2166/2166/5 2168/2168/7 2167/2167/8
f 2167/2167/8 2168/2168/7 2170/2170/9 2169/2169/10
f 2169/2169/10 2170/2170/9 2172/2172/11 2171/2171/12
f 2171/2171/12 2172/2172/11 2174/2174/13 2173/2173/14
f 2173/2173/14 2174/2174/13 2176/2176/15 2175/2175/16
f 2164/2164/3 2162/2162/2 2178/2178/17 2176/2176/15 2174/2174/13 2172/2172/11 2170/2170/9 2168/2168/7 2166/2166/5
f 2175/2175/16 2176/2176/15 2178/2178/17 2177/2177/18
f 2177/2177/18 2178/2178/17 2162/2162/2 2161/2161/1
f 2161/2161/1 2163/2163/4 2180/2180/19 2179/2179/20
f 2179/2179/20 2180/2180/19 2181/2181/21 2182/2182/22 2183/2183/23 2184/2184/24 2185/2185/25 2186/2186/26 2187/2187/27
f 2165/2165/6 2167/2167/8 2182/2182/22 2181/2181/21
f 2163/2163/4 2165/2165/6 2181/2181/21 2180/2180/19
f 2177/2177/18 2161/2161/1 2179/2179/20 2187/2187/27
f 2175/2175/16 2177/2177/18 2187/2187/27 2186/2186/26
f 2173/2173/14 2175/2175/16 2186/2186/26 2185/2185/25
f 2171/2171/12 2173/2173/14 2185/2185/25 2184/2184/24
f 2169/2169/10 2171/2171/12 2184/2184/24 2183/2183/23
f 2167/2167/8 2169/2169/10 2183/2183/23 2182/2182/22
f 2188/2188/1 2189/2189/2 2191/2191/3 2190/2190/4
f 2190/2190/4 2191/2191/3 2193/2193/5 2192/2192/6
f 2192/2192/6 2193/2193/5 2195/2195/7 2194/2194/8
f 2194/2194/8 2195/2195/7 2197/2197/9 2196/2196/10
f 2196/2196/10 2197/2197/9 2199/2199/11 2198/2198/12
f 2198/2198/12 2199/2199/11 2201/2201/13 2200/2200/14
f 2200/2200/14 2201/2201/13 2203/2203/15 2202/2202/16
f 2191/2191/3 2189/2189/2 2205/2205/17 2203/2203/15 2201/2201/13 2199/2199/11 2197/2197/9 2195/2195/7 2193/2193/5
f 2202/2202/16 2203/2203/15 2205/2205/17 2204/2204/18
f 2204/2204/18 2205/2205/17 2189/2189/2 2188/2188/1
f 2188/2188/1 2190/2190/4 2207/2207/19 2206/2206/20
f 2206/2206/20 2207/2207/19 2208/2208/21 2209/2209/22 2210/2210/23 2211/2211/24 2212/2212/25 2213/2213/26 2214/2214/27
f 2192/2192/6 2194/2194/8 2209/2209/22 2208/2208/21
f 2190/2190/4 2192/2192/6 2208/2208/21 2207/2207/19
f 2204/2204/18 2188/2188/1 2206/2206/20 2214/2214/27
f 2202/2202/16 2204/2204/18 2214/2214/27 2213/2213/26
f 2200/2200/14 2202/2202/16 2213/2213/26 2212/2212/25
f 2198/2198/12 2200/2200/14 2212/2212/25 2211/2211/24
f 2196/2196/10 2198/2198/12 2211/2211/24 2210/2210/23
f 2194/2194/8 2196/2196/10 2210/2210/23 2209/2209/22
f 2215/2215/1 2216/2216/2 2218/2218/28 2217/2217/4
f 2217/2217/4 2218/2218/28 2220/2220/5 2219/2219/6
f 2219/2219/6 2220/2220/5 2222/2222/7 2221/2221/8
f 2221/2221/8 2222/2222/7 2224/2224/9 2223/2223/10
f 2223/2223/10 2224/2224/9 2226/2226/11 2225/2225/12
f 2225/2225/12 2226/2226/11 2228/2228/13 2227/2227/14
f 2227/2227/14 2228/2228/13 2230/2230/15 2229/2229/16
f 2218/2218/28 2216/2216/2 2232/2232/29 2230/2230/15 2228/2228/13 2226/2226/11 2224/2224/9 2222/2222/7 2220/2220/5
f 2229/2229/16 2230/2230/15 2232/2232/29 2231/2231/18
f 2231/2231/18 2232/2232/29 2216/2216/2 2215/2215/1
f 2215/2215/1 2217/2217/4 2234/2234/19 2233/2233/20
f 2233/2233/20 2234/2234/19 2235/2235/21 2236/2236/22 2237/2237/23 2238/2238/24 2239/2239/25 2240/2240/26 2241/2241/27
f 2219/2219/6 2221/2221/8 2236/2236/22 2235/2235/21
f 2217/2217/4 2219/2219/6 2235/2235/21 2234/2234/19
f 2231/2231/18 2215/2215/1 2233/2233/20 2241/2241/27
f 2229/2229/16 2231/2231/18 2241/2241/27 2240/2240/26
f 2227/2227/14 2229/2229/16 2240/2240/26 2239/2239/25
f 2225/2225/12 2227/2227/14 2239/2239/25 2238/2238/24
f 2223/2223/10 2225/2225/12 2238/2238/24 2237/2237/23
f 2221/2221/8 2223/2223/10 2237/2237/23 2236/2236/22
f 2242/2242/1 2243/2243/2 2245/2245/3 2244/2244/4
f 2244/2244/4 2245/2245/3 2247/2247/5 2246/2246/6
f 2246/2246/6 2247/2247/5 2249/2249/7 2248/2248/8
f 2248/2248/8 2249/2249/7 2251/2251/9 2250/2250/10
f 2250/2250/10 2251/2251/9 2253/2253/11 2252/2252/12
f 2252/2252/12 2253/2253/11 2255/2255/13 2254/2254/14
f 2254/2254/14 2255/2255/13 2257/2257/15 2256/2256/16
f 2245/2245/3 2243/2243/2 2259/2259/29 2257/2257/15 2255/2255/13 2253/2253/11 2251/2251/9 2249/2249/7 2247/2247/5
f 2256/2256/16 2257/2257/15 2259/2259/29 2258/2258/18
f 2258/2258/18 2259/2259/29 2243/2243/2 2242/2242/1
f 2242/2242/1 2244/2244/4 2261/2261/19 2260/2260/20
f 2260/2260/20 2261/2261/19 2262/2262/21 2263/2263/22 2264/2264/23 2265/2265/24 2266/2266/25 2267/2267/26 2268/2268/27
f 2246/2246/6 2248/2248/8 2263/2263/22 2262/2262/21
f 2244/2244/4 2246/2246/6 2262/2262/21 2261/2261/19
f 2258/2258/18 2242/2242/1 2260/2260/20 2268/2268/27
f 2256/2256/16 2258/2258/18 2268/2268/27 2267/2267/26
f 2254/2254/14 2256/2256/16 2267/2267/26 2266/2266/25
f 2252/2252/12 2254/2254/14 2266/2266/25 2265/2265/24
f 2250/2250/10 2252/2252/12 2265/2265/24 2264/2264/23
f 2248/2248/8 2250/2250/10 2264/2264/23 2263/2263/22
usemtl Material.001
f 2637/2744/92 2639/2746/93 2576/2683/94 2575/2680/95
f 2618/2725/98 2619/2726/99 2566/2662/100 2565/2660/101
f 2593/2700/102 2596/2703/103 2554/2638/104 2553/2636/105
f 2611/2718/106 2614/2721/107 2563/2656/108 2562/2654/109
f 2629/2736/110 2632/2739/111 2572/2674/112 2571/2672/113
f 2343/2347/114 2341/2345/115 2549/2629/116 2550/2631/117
f 2603/2710/118 2606/2713/119 2559/2648/120 2558/2646/121
f 2624/2731/122 2626/2733/123 2569/2668/124 2568/2666/125
f 2596/2703/103 2598/2705/126 2555/2640/127 2554/2638/104
f 2306/2308/66 2304/2306/64 2368/2372/128 2370/2374/129
f 2634/2741/130 2636/2743/131 2574/2678/132 2573/2676/133
f 2588/2695/134 2590/2697/135 2551/2632/136 2550/2630/117
f 2608/2715/137 2610/2717/138 2561/2652/139 2560/2650/140
f 2626/2733/123 2628/2735/141 2570/2670/142 2569/2668/124
f 2600/2707/143 2602/2709/144 2557/2644/145 2556/2642/146
f 2616/2723/147 2618/2725/98 2565/2660/101 2564/2658/148
f 2391/2395/149 2389/2393/150 2573/2677/133 2574/2679/132
f 2592/2699/151 2593/2700/102 2553/2636/105 2552/2634/152
f 2610/2717/138 2611/2718/106 2562/2654/109 2561/2652/139
f 2383/2387/153 2381/2385/154 2569/2669/124 2570/2671/142
f 2580/2687/155 2582/2689/156 2547/2625/157 2546/2623/158
f 2583/2690/159 2585/2692/160 2549/2628/116 2548/2627/161
f 2602/2709/144 2603/2710/118 2558/2646/121 2557/2644/145
f 2375/2379/162 2373/2377/163 2565/2661/101 2566/2663/100
f 2636/2743/131 2637/2744/92 2575/2680/95 2574/2678/132
f 2349/2353/164 2347/2351/165 2552/2635/152 2553/2637/105
f 2367/2371/166 2365/2369/167 2561/2653/139 2562/2655/109
f 2628/2735/141 2629/2736/110 2571/2672/113 2570/2670/142
f 2585/2692/160 2588/2695/134 2550/2630/117 2549/2628/116
f 2359/2363/168 2357/2361/169 2557/2645/145 2558/2647/121
f 2619/2726/99 2622/2729/170 2567/2664/171 2566/2662/100
f 2280/2282/40 2278/2280/38 2342/2346/172 2344/2348/173
f 2270/2271/31 2332/2334/96 2396/2400/174 2333/2336/175
f 2308/2310/68 2306/2308/66 2370/2374/129 2372/2376/176
f 2282/2284/42 2280/2282/40 2344/2348/173 2346/2350/177
f 2310/2312/70 2308/2310/68 2372/2376/176 2374/2378/178
f 2284/2286/44 2282/2284/42 2346/2350/177 2348/2352/179
f 2312/2314/72 2310/2312/70 2374/2378/178 2376/2380/180
f 2286/2288/46 2284/2286/44 2348/2352/179 2350/2354/181
f 2314/2316/74 2312/2314/72 2376/2380/180 2378/2382/182
f 2288/2290/48 2286/2288/46 2350/2354/181 2352/2356/183
f 2316/2318/76 2314/2316/74 2378/2382/182 2380/2384/184
f 2290/2292/50 2288/2290/48 2352/2356/183 2354/2358/185
f 2318/2320/78 2316/2318/76 2380/2384/184 2382/2386/186
f 2292/2294/52 2290/2292/50 2354/2358/185 2356/2360/187
f 2320/2322/80 2318/2320/78 2382/2386/186 2384/2388/188
f 2294/2296/54 2292/2294/52 2356/2360/187 2358/2362/189
f 2322/2324/82 2320/2322/80 2384/2388/188 2386/2390/190
f 2296/2298/56 2294/2296/54 2358/2362/189 2360/2364/191
f 2324/2326/84 2322/2324/82 2386/2390/190 2388/2392/192
f 2298/2300/58 2296/2298/56 2360/2364/191 2362/2366/193
f 2272/2274/32 2270/2272/31 2333/2335/175 2336/2340/194
f 2326/2328/86 2324/2326/84 2388/2392/192 2390/2394/195
f 2300/2302/60 2298/2300/58 2362/2366/193 2364/2368/196
f 2274/2276/34 2272/2274/32 2336/2340/194 2338/2342/197
f 2328/2330/88 2326/2328/86 2390/2394/195 2392/2396/198
f 2302/2304/62 2300/2302/60 2364/2368/196 2366/2370/199
f 2276/2278/36 2274/2276/34 2338/2342/197 2340/2344/200
f 2330/2332/90 2328/2330/88 2392/2396/198 2394/2398/201
f 2304/2306/64 2302/2304/62 2366/2370/199 2368/2372/128
f 2278/2280/38 2276/2278/36 2340/2344/200 2342/2346/172
f 2332/2334/96 2330/2332/90 2394/2398/201 2396/2400/174
f 2336/2340/194 2333/2335/175 2334/2337/202 2335/2339/203
f 2338/2342/197 2336/2340/194 2335/2339/203 2337/2341/204
f 2340/2344/200 2338/2342/197 2337/2341/204 2339/2343/205
f 2342/2346/172 2340/2344/200 2339/2343/205 2341/2345/115
f 2344/2348/173 2342/2346/172 2341/2345/115 2343/2347/114
f 2346/2350/177 2344/2348/173 2343/2347/114 2345/2349/206
f 2348/2352/179 2346/2350/177 2345/2349/206 2347/2351/165
f 2350/2354/181 2348/2352/179 2347/2351/165 2349/2353/164
f 2352/2356/183 2350/2354/181 2349/2353/164 2351/2355/207
f 2354/2358/185 2352/2356/183 2351/2355/207 2353/2357/208
f 2356/2360/187 2354/2358/185 2353/2357/208 2355/2359/209
f 2358/2362/189 2356/2360/187 2355/2359/209 2357/2361/169
f 2360/2364/191 2358/2362/189 2357/2361/169 2359/2363/168
f 2362/2366/193 2360/2364/191 2359/2363/168 2361/2365/210
f 2364/2368/196 2362/2366/193 2361/2365/210 2363/2367/211
f 2366/2370/199 2364/2368/196 2363/2367/211 2365/2369/167
f 2368/2372/128 2366/2370/199 2365/2369/167 2367/2371/166
f 2370/2374/129 2368/2372/128 2367/2371/166 2369/2373/212
f 2372/2376/176 2370/2374/129 2369/2373/212 2371/2375/213
f 2374/2378/178 2372/2376/176 2371/2375/213 2373/2377/163
f 2376/2380/180 2374/2378/178 2373/2377/163 2375/2379/162
f 2378/2382/182 2376/2380/180 2375/2379/162 2377/2381/214
f 2380/2384/184 2378/2382/182 2377/2381/214 2379/2383/215
f 2382/2386/186 2380/2384/184 2379/2383/215 2381/2385/154
f 2384/2388/188 2382/2386/186 2381/2385/154 2383/2387/153
f 2386/2390/190 2384/2388/188 2383/2387/153 2385/2389/216
f 2388/2392/192 2386/2390/190 2385/2389/216 2387/2391/217
f 2390/2394/195 2388/2392/192 2387/2391/217 2389/2393/150
f 2392/2396/198 2390/2394/195 2389/2393/150 2391/2395/149
f 2394/2398/201 2392/2396/198 2391/2395/149 2393/2397/218
f 2396/2400/174 2394/2398/201 2393/2397/218 2395/2399/219
f 2333/2336/175 2396/2400/174 2395/2399/219 2334/2338/202
f 2335/2339/203 2334/2337/202 2545/2619/220 2546/2622/158
f 2337/2341/204 2335/2339/203 2546/2622/158 2547/2624/157
f 2339/2343/205 2337/2341/204 2547/2624/157 2548/2626/161
f 2341/2345/115 2339/2343/205 2548/2626/161 2549/2629/116
f 2590/2697/135 2592/2699/151 2552/2634/152 2551/2632/136
f 2345/2349/206 2343/2347/114 2550/2631/117 2551/2633/136
f 2433/2437/221 2436/2441/222 2403/2407/223 2402/2406/224 2401/2405/225 2400/2404/226 2399/2403/227 2398/2402/228 2397/2401/229 2424/2428/230 2423/2427/231 2422/2426/232 2421/2425/233 2420/2424/234 2419/2423/235 2447/2455/236 2446/2454/237
f 2491/2509/238 2459/2467/239 2433/2437/221 2446/2454/237 2469/2477/240 2471/2479/241 2495/2518/242 2496/2520/243 2498/2524/244 2499/2526/245 2502/2532/246 2481/2489/247 2483/2493/248 2482/2491/249 2484/2495/250 2492/2512/251 2493/2514/252 2494/2516/253 2488/2503/254 2487/2501/255 2485/2497/256 2489/2505/257
f 2495/2518/242 2471/2479/241 2455/2463/258 2477/2485/259 2479/2487/260 2453/2461/261 2457/2465/262 2459/2467/239 2491/2509/238 2490/2507/263 2486/2499/264 2509/2546/265 2510/2548/266 2511/2550/267 2512/2552/268 2506/2540/269 2507/2542/270 2508/2544/271 2504/2536/272 2505/2538/273 2501/2530/274 2500/2528/275 2503/2534/276 2497/2522/277
f 2598/2705/126 2600/2707/143 2556/2642/146 2555/2640/127
f 2437/2442/278 2405/2409/279 2428/2432/280 2462/2470/281
f 2441/2447/282 2444/2451/283 2416/2420/284 2415/2419/285 2414/2418/286 2413/2417/287 2412/2416/288 2411/2415/289 2410/2414/290 2409/2413/291 2408/2412/292 2407/2411/293 2406/2410/294 2439/2445/295 2438/2444/296
f 2357/2361/169 2355/2359/209 2556/2643/146 2557/2645/145
f 2606/2713/119 2608/2715/137 2560/2650/140 2559/2648/120
f 2361/2365/210 2359/2363/168 2558/2647/121 2559/2649/120
f 2363/2367/211 2361/2365/210 2559/2649/120 2560/2651/140
f 2365/2369/167 2363/2367/211 2560/2651/140 2561/2653/139
f 2614/2721/107 2616/2723/147 2564/2658/148 2563/2656/108
f 2369/2373/212 2367/2371/166 2562/2655/109 2563/2657/108
f 2371/2375/213 2369/2373/212 2563/2657/108 2564/2659/148
f 2373/2377/163 2371/2375/213 2564/2659/148 2565/2661/101
f 2622/2729/170 2624/2731/122 2568/2666/125 2567/2664/171
f 2632/2739/111 2634/2741/130 2573/2676/133 2572/2674/112
f 2417/2421/297 2442/2449/298 2468/2476/299 2430/2434/300
f 2381/2385/154 2379/2383/215 2568/2667/125 2569/2669/124
f 2445/2452/301 2418/2422/302 2432/2436/303 2470/2478/304
f 2385/2389/216 2383/2387/153 2570/2671/142 2571/2673/113
f 2387/2391/217 2385/2389/216 2571/2673/113 2572/2675/112
f 2389/2393/150 2387/2391/217 2572/2675/112 2573/2677/133
f 2393/2397/218 2391/2395/149 2574/2679/132 2575/2681/95
f 2395/2399/219 2393/2397/218 2575/2681/95 2576/2682/94
f 2334/2338/202 2395/2399/219 2576/2682/94 2545/2620/220
f 2582/2689/156 2583/2690/159 2548/2627/161 2547/2625/157
f 2467/2475/305 2441/2447/282 2438/2444/296 2461/2469/306 2463/2471/307 2544/2616/308 2541/2610/309 2538/2604/310 2540/2608/311 2537/2602/312 2520/2568/313 2522/2572/314 2521/2570/315 2523/2574/316 2524/2576/317 2525/2578/318 2526/2580/319 2519/2566/320 2518/2564/321 2517/2562/322 2515/2558/323 2513/2554/324
f 2544/2616/308 2463/2471/307 2449/2457/325 2473/2481/326 2475/2483/327 2451/2459/328 2465/2473/329 2467/2475/305 2513/2554/324 2514/2556/330 2516/2560/331 2527/2582/332 2528/2584/333 2529/2586/334 2530/2588/335 2533/2594/336 2534/2596/337 2535/2598/338 2532/2592/339 2531/2590/340 2536/2600/341 2539/2606/342 2543/2614/343 2542/2612/344
f 2355/2359/209 2353/2357/208 2555/2641/127 2556/2643/146
f 2377/2381/214 2375/2379/162 2566/2663/100 2567/2665/171
f 2418/2422/302 2417/2421/297 2430/2434/300 2432/2436/303
f 2454/2462/345 2480/2488/346 2474/2482/347 2450/2458/348
f 2405/2409/279 2404/2408/349 2426/2430/350 2428/2432/280
f 2379/2383/215 2377/2381/214 2567/2665/171 2568/2667/125
f 2458/2466/351 2425/2429/352 2426/2430/350 2460/2468/353
f 2472/2480/354 2431/2435/355 2429/2433/356 2466/2474/357 2452/2460/358 2456/2464/359
f 2347/2351/165 2345/2349/206 2551/2633/136 2552/2635/152
f 2353/2357/208 2351/2355/207 2554/2639/104 2555/2641/127
f 2404/2408/349 2434/2439/360 2460/2468/353 2426/2430/350
f 2427/2431/361 2464/2472/362 2462/2470/281 2428/2432/280
f 2425/2429/352 2427/2431/361 2428/2432/280 2426/2430/350
f 2466/2474/357 2429/2433/356 2430/2434/300 2468/2476/299
f 2431/2435/355 2472/2480/354 2470/2478/304 2432/2436/303
f 2429/2433/356 2431/2435/355 2432/2436/303 2430/2434/300
f 2478/2486/363 2476/2484/364 2474/2482/347 2480/2488/346
f 2478/2486/363 2456/2464/359 2452/2460/358 2476/2484/364
f 2464/2472/362 2427/2431/361 2425/2429/352 2458/2466/351 2454/2462/345 2450/2458/348
f 2433/2437/221 2434/2438/360 2435/2440/365 2436/2441/222
f 2437/2442/278 2438/2443/296 2439/2445/295 2440/2446/366
f 2441/2447/282 2442/2448/298 2443/2450/367 2444/2451/283
f 2445/2452/301 2446/2453/237 2447/2455/236 2448/2456/368
f 2459/2467/239 2457/2465/262 2458/2466/351 2460/2468/353
f 2463/2471/307 2461/2469/306 2462/2470/281 2464/2472/362
f 2467/2475/305 2465/2473/329 2466/2474/357 2468/2476/299
f 2471/2479/241 2469/2477/240 2470/2478/304 2472/2480/354
f 2457/2465/262 2453/2461/261 2454/2462/345 2458/2466/351
f 2449/2457/325 2463/2471/307 2464/2472/362 2450/2458/348
f 2433/2437/221 2459/2467/239 2460/2468/353 2434/2439/360
f 2445/2452/301 2470/2478/304 2469/2477/240 2446/2454/237
f 2472/2480/354 2456/2464/359 2455/2463/258 2471/2479/241
f 2461/2469/306 2438/2444/296 2437/2442/278 2462/2470/281
f 2468/2476/299 2442/2449/298 2441/2447/282 2467/2475/305
f 2452/2460/358 2466/2474/357 2465/2473/329 2451/2459/328
f 2479/2487/260 2477/2485/259 2478/2486/363 2480/2488/346
f 2475/2483/327 2473/2481/326 2474/2482/347 2476/2484/364
f 2453/2461/261 2479/2487/260 2480/2488/346 2454/2462/345
f 2473/2481/326 2449/2457/325 2450/2458/348 2474/2482/347
f 2476/2484/364 2452/2460/358 2451/2459/328 2475/2483/327
f 2477/2485/259 2455/2463/258 2456/2464/359 2478/2486/363
f 2351/2355/207 2349/2353/164 2553/2637/105 2554/2639/104
f 2544/2617/308 2491/2510/238 2489/2506/257 2541/2611/309
f 2541/2611/309 2489/2506/257 2485/2498/256 2538/2605/310
f 2538/2605/310 2485/2498/256 2487/2502/255 2540/2609/311
f 2540/2609/311 2487/2502/255 2488/2504/254 2537/2603/312
f 2537/2603/312 2488/2504/254 2494/2517/253 2520/2569/313
f 2520/2569/313 2494/2517/253 2493/2515/252 2522/2573/314
f 2522/2573/314 2493/2515/252 2492/2513/251 2521/2571/315
f 2521/2571/315 2492/2513/251 2484/2496/250 2523/2575/316
f 2523/2575/316 2484/2496/250 2482/2492/249 2524/2577/317
f 2524/2577/317 2482/2492/249 2483/2494/248 2525/2579/318
f 2525/2579/318 2483/2494/248 2481/2490/247 2526/2581/319
f 2526/2581/319 2481/2490/247 2502/2533/246 2519/2567/320
f 2519/2567/320 2502/2533/246 2499/2527/245 2518/2565/321
f 2518/2565/321 2499/2527/245 2498/2525/244 2517/2563/322
f 2517/2563/322 2498/2525/244 2496/2521/243 2515/2559/323
f 2515/2559/323 2496/2521/243 2495/2519/242 2513/2555/324
f 2495/2519/242 2497/2523/277 2514/2557/330 2513/2555/324
f 2497/2523/277 2503/2535/276 2516/2561/331 2514/2557/330
f 2503/2535/276 2500/2529/275 2527/2583/332 2516/2561/331
f 2500/2529/275 2501/2531/274 2528/2585/333 2527/2583/332
f 2501/2531/274 2505/2539/273 2529/2587/334 2528/2585/333
f 2505/2539/273 2504/2537/272 2530/2589/335 2529/2587/334
f 2504/2537/272 2508/2545/271 2533/2595/336 2530/2589/335
f 2508/2545/271 2507/2543/270 2534/2597/337 2533/2595/336
f 2507/2543/270 2506/2541/269 2535/2599/338 2534/2597/337
f 2506/2541/269 2512/2553/268 2532/2593/339 2535/2599/338
f 2512/2553/268 2511/2551/267 2531/2591/340 2532/2593/339
f 2511/2551/267 2510/2549/266 2536/2601/341 2531/2591/340
f 2510/2549/266 2509/2547/265 2539/2607/342 2536/2601/341
f 2509/2547/265 2486/2500/264 2543/2615/343 2539/2607/342
f 2486/2500/264 2490/2508/263 2542/2613/344 2543/2615/343
f 2490/2508/263 2491/2511/238 2544/2618/308 2542/2613/344
f 2645/2752/369 2646/2753/370 2642/2749/371 2641/2748/372
f 2578/2685/373 2640/2747/374 2424/2428/230 2397/2401/229
f 2595/2702/375 2594/2701/376 2404/2408/349 2405/2409/279
f 2577/2684/377 2580/2687/155 2546/2623/158 2545/2621/220
f 2587/2694/378 2586/2693/379 2401/2405/225 2402/2406/224
f 2605/2712/380 2604/2711/381 2408/2412/292 2409/2413/291
f 2613/2720/382 2612/2719/383 2412/2416/288 2413/2417/287
f 2443/2450/367 2621/2728/384 2620/2727/385 2416/2420/284 2444/2451/283
f 2631/2738/386 2630/2737/387 2419/2423/235 2420/2424/234
f 2640/2747/374 2638/2745/388 2423/2427/231 2424/2428/230
f 2586/2693/379 2584/2691/389 2400/2404/226 2401/2405/225
f 2440/2446/366 2597/2704/390 2595/2702/375 2405/2409/279 2437/2442/278
f 2417/2421/297 2623/2730/391 2621/2728/384 2443/2450/367 2442/2449/298
f 2581/2688/392 2579/2686/393 2398/2402/228 2399/2403/227
f 2589/2696/394 2587/2694/378 2402/2406/224 2403/2407/223
f 2406/2410/294 2599/2706/395 2597/2704/390 2440/2446/366 2439/2445/295
f 2607/2714/396 2605/2712/380 2409/2413/291 2410/2414/290
f 2615/2722/397 2613/2720/382 2413/2417/287 2414/2418/286
f 2633/2740/398 2631/2738/386 2420/2424/234 2421/2425/233
f 2625/2732/399 2623/2730/391 2417/2421/297 2418/2422/302
f 2584/2691/389 2581/2688/392 2399/2403/227 2400/2404/226
f 2435/2440/365 2591/2698/400 2589/2696/394 2403/2407/223 2436/2441/222
f 2601/2708/401 2599/2706/395 2406/2410/294 2407/2411/293
f 2609/2716/402 2607/2714/396 2410/2414/290 2411/2415/289
f 2617/2724/403 2615/2722/397 2414/2418/286 2415/2419/285
f 2635/2742/404 2633/2740/398 2421/2425/233 2422/2426/232
f 2404/2408/349 2594/2701/376 2591/2698/400 2435/2440/365 2434/2439/360
f 2448/2456/368 2627/2734/405 2625/2732/399 2418/2422/302 2445/2452/301
f 2604/2711/381 2601/2708/401 2407/2411/293 2408/2412/292
f 2612/2719/383 2609/2716/402 2411/2415/289 2412/2416/288
f 2620/2727/385 2617/2724/403 2415/2419/285 2416/2420/284
f 2419/2423/235 2630/2737/387 2627/2734/405 2448/2456/368 2447/2455/236
f 2638/2745/388 2635/2742/404 2422/2426/232 2423/2427/231
f 2579/2686/393 2578/2685/373 2397/2401/229 2398/2402/228
f 2578/2685/373 2579/2686/393 2580/2687/155 2577/2684/377
f 2594/2701/376 2595/2702/375 2596/2703/103 2593/2700/102
f 2640/2747/374 2578/2685/373 2577/2684/377 2639/2746/93
f 2586/2693/379 2587/2694/378 2588/2695/134 2585/2692/160
f 2604/2711/381 2605/2712/380 2606/2713/119 2603/2710/118
f 2612/2719/383 2613/2720/382 2614/2721/107 2611/2718/106
f 2620/2727/385 2621/2728/384 2622/2729/170 2619/2726/99
f 2630/2737/387 2631/2738/386 2632/2739/111 2629/2736/110
f 2638/2745/388 2640/2747/374 2639/2746/93 2637/2744/92
f 2584/2691/389 2586/2693/379 2585/2692/160 2583/2690/159
f 2595/2702/375 2597/2704/390 2598/2705/126 2596/2703/103
f 2621/2728/384 2623/2730/391 2624/2731/122 2622/2729/170
f 2579/2686/393 2581/2688/392 2582/2689/156 2580/2687/155
f 2587/2694/378 2589/2696/394 2590/2697/135 2588/2695/134
f 2597/2704/390 2599/2706/395 2600/2707/143 2598/2705/126
f 2605/2712/380 2607/2714/396 2608/2715/137 2606/2713/119
f 2613/2720/382 2615/2722/397 2616/2723/147 2614/2721/107
f 2631/2738/386 2633/2740/398 2634/2741/130 2632/2739/111
f 2623/2730/391 2625/2732/399 2626/2733/123 2624/2731/122
f 2581/2688/392 2584/2691/389 2583/2690/159 2582/2689/156
f 2589/2696/394 2591/2698/400 2592/2699/151 2590/2697/135
f 2599/2706/395 2601/2708/401 2602/2709/144 2600/2707/143
f 2607/2714/396 2609/2716/402 2610/2717/138 2608/2715/137
f 2615/2722/397 2617/2724/403 2618/2725/98 2616/2723/147
f 2633/2740/398 2635/2742/404 2636/2743/131 2634/2741/130
f 2591/2698/400 2594/2701/376 2593/2700/102 2592/2699/151
f 2625/2732/399 2627/2734/405 2628/2735/141 2626/2733/123
f 2601/2708/401 2604/2711/381 2603/2710/118 2602/2709/144
f 2609/2716/402 2612/2719/383 2611/2718/106 2610/2717/138
f 2617/2724/403 2620/2727/385 2619/2726/99 2618/2725/98
f 2627/2734/405 2630/2737/387 2629/2736/110 2628/2735/141
f 2635/2742/404 2638/2745/388 2637/2744/92 2636/2743/131
f 2545/2621/220 2576/2683/94 2639/2746/93 2577/2684/377
f 2641/2748/372 2642/2749/371 2644/2751/406 2643/2750/407
f 2652/2759/408 2656/2763/409 2648/2755/410 2646/2753/370
f 2646/2753/370 2648/2755/410 2644/2751/406 2642/2749/371
f 2648/2755/410 2647/2754/411 2643/2750/407 2644/2751/406
f 2650/2757/412 2652/2759/408 2646/2753/370 2645/2752/369
f 2649/2756/413 2653/2760/414 2655/2762/415 2651/2758/416
f 2656/2763/409 2654/2761/417 2647/2754/411 2648/2755/410
f 2647/2754/411 2645/2752/369 2641/2748/372 2643/2750/407
f 2653/2760/414 2649/2756/413 2650/2757/412 2654/2761/417
f 2649/2756/413 2651/2758/416 2652/2759/408 2650/2757/412
f 2651/2758/416 2655/2762/415 2656/2763/409 2652/2759/408
f 2655/2762/415 2653/2760/414 2654/2761/417 2656/2763/409
f 2654/2761/417 2650/2757/412 2645/2752/369 2647/2754/411
usemtl Material.002
f 2269/2269/30 2270/2272/31 2272/2274/32 2271/2273/33
f 2271/2273/33 2272/2274/32 2274/2276/34 2273/2275/35
f 2273/2275/35 2274/2276/34 2276/2278/36 2275/2277/37
f 2275/2277/37 2276/2278/36 2278/2280/38 2277/2279/39
f 2277/2279/39 2278/2280/38 2280/2282/40 2279/2281/41
f 2279/2281/41 2280/2282/40 2282/2284/42 2281/2283/43
f 2281/2283/43 2282/2284/42 2284/2286/44 2283/2285/45
f 2283/2285/45 2284/2286/44 2286/2288/46 2285/2287/47
f 2285/2287/47 2286/2288/46 2288/2290/48 2287/2289/49
f 2287/2289/49 2288/2290/48 2290/2292/50 2289/2291/51
f 2289/2291/51 2290/2292/50 2292/2294/52 2291/2293/53
f 2291/2293/53 2292/2294/52 2294/2296/54 2293/2295/55
f 2293/2295/55 2294/2296/54 2296/2298/56 2295/2297/57
f 2295/2297/57 2296/2298/56 2298/2300/58 2297/2299/59
f 2297/2299/59 2298/2300/58 2300/2302/60 2299/2301/61
f 2299/2301/61 2300/2302/60 2302/2304/62 2301/2303/63
f 2301/2303/63 2302/2304/62 2304/2306/64 2303/2305/65
f 2303/2305/65 2304/2306/64 2306/2308/66 2305/2307/67
f 2305/2307/67 2306/2308/66 2308/2310/68 2307/2309/69
f 2307/2309/69 2308/2310/68 2310/2312/70 2309/2311/71
f 2309/2311/71 2310/2312/70 2312/2314/72 2311/2313/73
f 2311/2313/73 2312/2314/72 2314/2316/74 2313/2315/75
f 2313/2315/75 2314/2316/74 2316/2318/76 2315/2317/77
f 2315/2317/77 2316/2318/76 2318/2320/78 2317/2319/79
f 2317/2319/79 2318/2320/78 2320/2322/80 2319/2321/81
f 2319/2321/81 2320/2322/80 2322/2324/82 2321/2323/83
f 2321/2323/83 2322/2324/82 2324/2326/84 2323/2325/85
f 2323/2325/85 2324/2326/84 2326/2328/86 2325/2327/87
f 2325/2327/87 2326/2328/86 2328/2330/88 2327/2329/89
f 2327/2329/89 2328/2330/88 2330/2332/90 2329/2331/91
f 2329/2331/91 2330/2332/90 2332/2334/96 2331/2333/97
f 2331/2333/97 2332/2334/96 2270/2271/31 2269/2270/30
